X,Y,Name,Waterhole ,Date & Tim,Who is ass,Last time ,What is th,Why (value,Waterhole _1,Why (healt,Buffalo Se,Pigs Seen?,Cattle See,Donkeys Se,Horses See,Notes,Class,Descriptio,Photos & V,Seasonalit,Nov 2024 A
134.5139713,-13.9928958,,,,,,,,,,,,,,,,,,,,
134.5105913,-13.99135501,W2,,,,,,,,,,,,,,,,,,,
134.5235192,-13.98966893,W3,,9 Nov 2023 at 1:22:34â¯PM,,,,,,,,,,,,,,,,,
134.3103155,-13.98884544,W4,,,,,,,,,,,,,,,,,,,
134.3355934,-13.98675484,W5,,,,,,,,,,,,,,,,,,,
134.3287941,-13.98561528,W6,,,,,,,,,,,,,,,,,,,
134.3337565,-13.98461259,W7,,,,,,,,,,,,,,,,,,,
134.330618,-13.98439724,W8,,,,,,,,,,,,,,,,,,,
134.3061436,-13.98367869,W9,,,,,,,,,,,,,,,,,,,
134.3295835,-13.98161379,W10,,,,,,,,,,,,,,,,,,,
134.3291296,-13.98018764,W11,,,,,,,,,,,,,,,,,,,
134.3858724,-13.97709757,W12,,,,,,,,,,,,,,,,,,,
134.3949691,-13.97533614,W13,,,,,,,,,,,,,,,,,,,
134.3891298,-13.97503453,W14,,,,,,,,,,,,,,,,,,,
134.3881405,-13.97457607,W15,,,,,,,,,,,,,,,,,,,
134.3900467,-13.97452782,W16,,,,,,,,,,,,,,,,,,,
134.391036,-13.97387633,W17,,,,,,,,,,,,,,,,,,,
134.3899382,-13.97287497,W18,,,,,,,,,,,,,,,,,,,
134.5260682,-13.9693125,W19,,,,,,,,,,,,,,,,,,,
134.5072228,-13.96927899,W20,,,,,,,,,,,,,,,,,,,
134.3919469,-13.96832331,W21,,,,,,,,,,,,,,,,,,,
134.7291,-13.9668,W22,,,,,,,,,,,,,,,,,,,
134.39288,-13.96637459,W23,,,,,,,,,,,,,,,,,,,
134.3917913,-13.96492298,W24,,,,,,,,,,,,,,,,,,,
134.3914824,-13.96450603,W25,,,,,,,,,,,,,,,,,,,
134.3906176,-13.96435932,W26,,,,,,,,,,,,,,,,,,,
134.4545758,-13.96385989,W27,,,,,,,,,,,,,,,,,,,
134.327075,-13.9636403,W28,,,,,,,,,,,,,,,,,,,
134.3921746,-13.96188415,W29,,,,,,,,,,,,,,,,,,,
134.4526922,-13.9601253,W30,,,,,,,,,,,,,,,,,,,
134.3882261,-13.95951907,W31,,,,,,,,,,,,,,,,,,,
134.3882086,-13.95945628,W32,,,,,,,,,,,,,,,,,,,
134.3902024,-13.95943867,W33,,,,,,,,,,,,,,,,,,,
134.3890486,-13.95857159,W34,,,,,,,,,,,,,,,,,,,
134.2792313,-13.95781201,W35,,,,,,,,,,,,,,,,,,,
134.2598955,-13.95630032,W36,,,,,,,,,,,,,,,,,,,
134.3830353,-13.95403592,W37,,,,,,,,,,,,,,,,,,,
134.3813543,-13.95231366,W38,,,,,,,,,,,,,,,,,,,
134.3818308,-13.94944559,W39,,,,,,,,,,,,,,,,,,,
134.3805881,-13.94810643,W40,,,,,,,,,,,,,,,,,,,
134.460494,-13.94806676,W41,,,,,,,,,,,,,,,,,,,
134.4505679,-13.94692056,W42,,,,,,,,,,,,,,,,,,,
134.3824857,-13.94538801,W43,,,,,,,,,,,,,,,,,,,
134.3817469,-13.94340242,W44,,,,,,,,,,,,,,,,,,,
134.3833169,-13.94317153,W45,,,,,,,,,,,,,,,,,,,
134.3808832,-13.94114986,W46,,,,,,,,,,,,,,,,,,,
134.3846929,-13.93933887,W47,,,,,,,,,,,,,,,,,,,
134.831936,-13.9387044,W48,,,,,,,,,,,,,,,,,,,
134.3544473,-13.93763034,W49,,,,,,,,,,,,,,,,,,,
134.3845278,-13.93718877,W50,,,,,,,,,,,,,,,,,,,
134.3803394,-13.93692091,W51,,,,,,,,,,,,,,,,,,,
134.3794546,-13.93674234,W52,,,,,,,,,,,,,,,,,,,
134.3837404,-13.93634461,W53,,,,,,,,,,,,,,,,,,,
134.3796981,-13.93541927,W54,,,,,,,,,,,,,,,,,,,
134.382604,-13.93540304,W55,,,,,,,,,,,,,,,,,,,
134.3784725,-13.93534622,W56,,,,,,,,,,,,,,,,,,,
134.7384,-13.9351,W57,,,,,,,,,,,,,,,,,,,
134.3732445,-13.93374522,W58,,,,,,,,,,,,,,,,,,,
134.3654389,-13.9324162,W59,,,,,,,,,,,,,,,,,,,
134.3677921,-13.93197032,W60,,,,,,,,,,,,,,,,,,,
134.3703188,-13.92741244,W61,,,,,,,,,,,,,,,,,,,
134.3666279,-13.92699134,W62,,,,,,,,,,,,,,,,,,,
134.3630609,-13.92679317,W63,,,,,,,,,,,,,,,,,,,
134.3606828,-13.92176464,W64,,,,,,,,,,,,,,,,,,,
134.4218644,-13.91917672,W65,,,,,,,,,,,,,,,,,,,
134.2888591,-13.90363525,W66,,,,,,,,,,,,,,,,,,,
134.4171129,-13.9034389,W67,,,,,,,,,,,,,,,,,,,
134.4218236,-13.89994705,W68,,,,,,,,,,,,,,,,,,,
134.4224781,-13.89911738,W69,,,,,,,,,,,,,,,,,,,
134.3589091,-13.89546238,W70,,,,,,,,,,,,,,,,,,,
134.3938537,-13.89087075,W71,,,,,,,,,,,,,,,,,,,
134.3299487,-13.89027177,W72,,,,,,,,,,,,,,,,,,,
134.3461496,-13.89009507,W73,,,,,,,,,,,,,,,,,,,
134.3185099,-13.88805315,W74,,,,,,,,,,,,,,,,,,,
134.5030423,-13.88362607,W75,,,,,,,,,,,,,,,,,,,
134.3578589,-13.88196438,W76,,,,,,,,,,,,,,,,,,,
134.5159734,-13.88071259,W77,,,,,,,,,,,,,,,,,,,
134.3797416,-13.88016113,W78,,,,,,,,,,,,,,,,,,,
134.5043005,-13.87978458,W79,,,,,,,,,,,,,,,,,,,
134.9787507,-13.87924138,W80,,,,,,,,,,,,,,,,,,,
134.3856345,-13.87922852,W81,,,,,,,,,,,,,,,,,,,
134.984106,-13.87090934,W82,,,,,,,,,,,,,,,,,,,
134.9937294,-13.86850165,W83,,,,,,,,,,,,,,,,,,,
134.4704355,-13.86323791,W84,,,,,,,,,,,,,,,,,,,
134.9900256,-13.86240714,W85,,,,,,,,,,,,,,,,,,,
134.992983,-13.86185239,W86,,,,,,,,,,,,,,,,,,,Class 2
135.0416516,-13.86103741,W87,,,,,,,,,,,,,,,,,,,
134.322902,-13.86046247,W88,,,,,,,,,,,,,,,,,,,
134.539969,-13.85767649,W89,,,,,,,,,,,,,,,,,,,
134.4927137,-13.85618986,W90,,,,,,,,,,,,,,,,,,,
134.8197513,-13.85371698,W91,,,,,,,,,,,,,,,,,,,
134.4730971,-13.85222154,W92,,,,,,,,,,,,,,,,,,,
134.317015,-13.84917065,W93,,,,,,,,,,,,,,,,,,,
134.4988372,-13.84665613,W94,,,,,,,,,,,,,,,,,,,
134.5283643,-13.84870108,RA95,,20 Apr 2023 at 10:55:07â¯AM,,,,,,,,,,,,,,"Melaleauca here. Nice veg understory, lots of diversity. Pretty yellow fringed waterlily. Water slightly brown, no erosion. Good water veg",,Dry 9/11/23,
134.5076324,-13.84420684,W95,,,,,,,,,,,,,,,,,,,
134.5318503,-13.84851008,RA96,,20 Apr 2023 at 10:56:10â¯AM,,,,,,,,,,,,,Class 3,,,,
134.523205,-13.83976401,W96,,,,,,,,,,,,,,,,,,,
134.5221407,-13.83912143,W97,,,,,,,,,,,,,,,,,,,
134.5215784,-13.83866961,W98,,,,,,,,,,,,,,,,,,,
134.5237669,-13.8378689,W99,,,,,,,,,,,,,,,,,,,
134.5198763,-13.83735904,W100,,,,,,,,,,,,,,,,,,,
134.5189193,-13.83724138,W101,,,,,,,,,,,,,,,,,,,
134.5219863,-13.83585299,W102,,,,,,,,,,,,,,,,,,,
134.6344776,-13.83585157,W103,,,,,,,,,,,,,,,,,,,
134.5373831,-13.83583387,W104,,,,,,,,,,,,,,,,,,,
134.5246062,-13.83562552,W105,,,,,,,,,,,,,,,,,,,
134.6413906,-13.83538853,W106,,,,,,,,,,,,,,,,,,,
134.5410492,-13.83486027,W107,,,,,,,,,,,,,,,,,,,
134.5425533,-13.83462149,W108,,,,,,,,,,,,,,,,,,,
134.5615466,-13.83398418,W109,,,,,,,,,,,,,,,,,,,
134.5235162,-13.83376492,W110,,,,,,,,,,,,,,,,,,,
134.5757996,-13.83346842,W111,,,,,,,,,,,,,,,,,,,
134.533438,-13.83304102,W112,,,,,,,,,,,,,,,,,,,
134.2633558,-13.83276775,W113,,,,,,,,,,,,,,,,,,,
134.5258606,-13.83276089,W114,,,,,,,,,,,,,,,,,,,
134.5314932,-13.83262911,W115,,,,,,,,,,,,,,,,,,,
134.5361452,-13.83256146,W116,,,,,,,,,,,,,,,,,,,
134.5392828,-13.83241438,W117,,,,,,,,,,,,,,,,,,,
134.5410667,-13.83208819,W118,,,,,,,,,,,,,,,,,,,
134.5575294,-13.83195934,W119,,,,,,,,,,,,,,,,,,,
134.5300892,-13.83193884,W120,,,,,,,,,,,,,,,,,,,
134.5401831,-13.8318422,W121,,,,,,,,,,,,,,,,,,,
134.5418197,-13.83170666,W122,,,,,,,,,,,,,,,,,,,
134.5437877,-13.83164301,W123,,,,,,,,,,,,,,,,,,,
134.5244751,-13.83160124,W124,,,,,,,,,,,,,,,,,,,
134.53817,-13.83130505,W125,,,,,,,,,,,,,,,,,,,
134.5448202,-13.8312721,W126,,,,,,,,,,,,,,,,,,,
134.5435338,-13.83113091,W127,,,,,,,,,,,,,,,,,,,
134.5570921,-13.83099547,W128,,,,,,,,,,,,,,,,,,,
134.5456453,-13.83095359,W129,,,,,,,,,,,,,,,,,,,
134.5365619,-13.8308701,W130,,,,,,,,,,,,,,,,,,,
134.5398236,-13.83053228,W131,,,,,,,,,,,,,,,,,,,
134.2588492,-13.83036594,W132,,,,,,,,,,,,,,,,,,,
134.5801887,-13.83016436,W133,,,,,,,,,,,,,,,,,,,
134.5388901,-13.83015041,W134,,,,,,,,,,,,,,,,,,,
134.5471106,-13.82987587,W135,,,,,,,,,,,,,,,,,,,
134.5285463,-13.8298038,W136,,,,,,,,,,,,,,,,,,,
134.5499542,-13.82970882,W137,,,,,,,,,,,,,,,,,,,
134.54533,-13.82955427,W138,,,,,,,,,,,,,,,,,,,
134.582155,-13.82953684,W139,,,,,,,,,,,,,,,,,,,
134.5407727,-13.82949152,W140,,,,,,,,,,,,,,,,,,,
134.5631481,-13.82934161,W141,,,,,,,,,,,,,,,,,,,
134.5386783,-13.82920913,W142,,,,,,,,,,,,,,,,,,,
134.542365,-13.82910716,W143,,,,,,,,,,,,,,,,,,,
134.5908984,-13.8288117,W144,,,,,,,,,,,,,,,,,,,
134.5603731,-13.8286862,W145,,,,,,,,,,,,,,,,,,,
134.5817506,-13.82836547,W146,,,,,,,,,,,,,,,,,,,
134.5506752,-13.82818418,W147,,,,,,,,,,,,,,,,,,,
134.5906892,-13.82674786,W148,,,,,,,,,,,,,,,,,,,
134.5537214,-13.82662736,W149,,,,,,,,,,,,,,,,,,,
134.555612,-13.82659308,W150,,,,,,,,,,,,,,,,,,,
134.6201823,-13.82524636,W151,,,,,,,,,,,,,,,,,,,
134.5743615,-13.82476602,W152,,,,,,,,,,,,,,,,,,,
134.6015352,-13.82320121,W153,,,,,,,,,,,,,,,,,,,
134.6264412,-13.82216198,W154,,,,,,,,,,,,,,,,,,,
134.5898369,-13.82202613,W155,,,,,,,,,,,,,,,,,,,
134.5737635,-13.82166914,W156,,,,,,,,,,,,,,,,,,,
134.588641,-13.82108011,W157,,,,,,,,,,,,,,,,,,,
134.607714,-13.82032435,W158,,,,,,,,,,,,,,,,,,,
134.4182022,-13.82026167,W159,,,,,,,,,,,,,,,,,,,
134.5913133,-13.82009006,W160,,,,,,,,,,,,,,,,,,,
134.6047172,-13.81810786,W161,,,,,,,,,,,,,,,,,,,
134.5942765,-13.81795475,W162,,,,,,,,,,,,,,,,,,,
134.6117107,-13.81775733,W163,,,,,,,,,,,,,,,,,,,
134.6006352,-13.81740721,W164,,,,,,,,,,,,,,,,,,,
134.5992008,-13.81599375,W165,,,,,,,,,,,,,,,,,,,
134.5833843,-13.81565388,W166,,,,,,,,,,,,,,,,,,,
134.2659796,-13.81504692,W167,,,,,,,,,,,,,,,,,,,
134.695535,-13.81363734,W168,,,,,,,,,,,,,,,,,,,
134.9701321,-13.81261448,W169,,,,,,,,,,,,,,,,,,,
134.9667116,-13.80877847,W170,,,,,,,,,,,,,,,,,,,
134.40224,-13.80812,W171,,,,,,,,,,,,,,,,,,,
134.8642575,-13.80778449,W172,,,,,,,,,,,,,,,,,,,
134.4657111,-13.80710506,W173,,,,,,,,,,,,,,,,,,,
134.4535131,-13.80615808,W174,,,,,,,,,,,,,,,,,,,
134.2633619,-13.8048882,W175,,,,,,,,,,,,,,,,,,,
134.6688358,-13.80134309,W176,,,,,,,,,,,,,,,,,,,
134.8456489,-13.79862613,W177,,,,,,,,,,,,,,,,,,,
134.0089336,-13.79796377,W178,,,,,,,,,,,,,,,,,,,
134.0041379,-13.79766651,W179,,,,,,,,,,,,,,,,,,,
134.0524712,-13.7957625,W180,,,,,,,,,,,,,,,,,,,
134.4475379,-13.79490276,W181,,,,,,,,,,,,,,,,,,,
134.0048117,-13.7934257,W182,,,,,,,,,,,,,,,,,,,
133.9678074,-13.79148751,W183,,,,,,,,,,,,,,,,,,,
135.0427565,-13.79132461,W184,,,,,,,,,,,,,,,,,,,
134.4858947,-13.78991509,W185,,,,,,,,,,,,,,,,,,,
134.4799031,-13.78942678,W186,,,,,,,,,,,,,,,,,,,
134.9955826,-13.78935602,W187,,,,,,,,,,,,,,,,,,,
134.0204462,-13.78796177,W188,,,,,,,,,,,,,,,,,,,
135.0713255,-13.78748293,W189,,,,,,,,,,,,,,,,,,,
134.4888368,-13.78693825,W190,,,,,,,,,,,,,,,,,,,
133.9462361,-13.78579191,W191,,,,,,,,,,,,,,,,,,,
134.3005573,-13.7857219,W192,,,,,,,,,,,,,,,,,,,
134.4336581,-13.78551298,W193,,,,,,,,,,,,,,,,,,,
134.4883238,-13.78509051,W194,,,,,,,,,,,,,,,,,,,
134.4397187,-13.78469046,W195,,,,,,,,,,,,,,,,,,,
134.4926135,-13.78181662,W196,,,,,,,,,,,,,,,,,,,
134.320258,-13.78161919,W197,,,,,,,,,,,,,,,,,,,
134.0682768,-13.77721273,W198,,,,,,,,,,,,,,,,,,,
134.0248569,-13.7769486,W199,,,,,,,,,,,,,,,,,,,
135.0233313,-13.76971484,W200,,,,,,,,,,,,,,,,,,,
135.0181681,-13.76911662,W201,,,,,,,,,,,,,,,,,,,
135.0286473,-13.76908527,W202,,,,,,,,,,,,,,,,,,,
135.0190726,-13.76853977,W203,,,,,,,,,,,,,,,,,,,
134.8389456,-13.76433615,W204,,,,,,,,,,,,,,,,,,,
135.0263837,-13.76417748,W205,,,,,,,,,,,,,,,,,,,
134.4970126,-13.76628215,RA206,,20 Apr 2023 at 12:21:47â¯PM,,,,,,,,,,,,,,Stream,,,
134.3872319,-13.76200006,W206,,,,,,,,,,,,,,,,,,,
134.8398945,-13.76126552,W207,,,,,,,,,,,,,,,,,,,
134.8411069,-13.76073837,W208,,,,,,,,,,,,,,,,,,,
135.0265903,-13.76025541,W209,,,,,,,,,,,,,,,,,,,
134.4753592,-13.7595578,W210,,,,,,,,,,,,,,,,,,,
134.8413589,-13.7592012,W211,,,,,,,,,,,,,,,,,,,
134.963912,-13.75891811,W212,,,,,,,,,,,,,,,,,,,
134.4658787,-13.75814721,W213W,,,,,,,,,,,,,,,,,,,
134.3869764,-13.75630626,W214,,,,,,,,,,,,,,,,,,,
135.0877238,-13.75546849,W215,,,,,,,,,,,,,,,,,,,
134.3859392,-13.75443485,W216,,,,,,,,,,,,,,,,,,,
134.6686749,-13.75229508,W217,,,,,,,,,,,,,,,,,,,
134.4590483,-13.752142,W218,,,,,,,,,,,,,,,,,,,
134.6695466,-13.75188274,W219,,,,,,,,,,,,,,,,,,,
135.0942713,-13.74578201,W220,,,,,,,,,,,,,,,,,,,
135.0930188,-13.7450369,W221,,,,,,,,,,,,,,,,,,,
135.0932091,-13.74329301,W222,,,,,,,,,,,,,,,,,,,
134.9567787,-13.74230524,W223,,,,,,,,,,,,,,,,,,,
134.6493851,-13.74219518,W224,,,,,,,,,,,,,,,,,,,
135.0877033,-13.74038515,W225,,,,,,,,,,,,,,,,,,,
134.0191792,-13.73985844,W226,,,,,,,,,,,,,,,,,,,
135.0913743,-13.73936266,W227,,,,,,,,,,,,,,,,,,,
134.9583663,-13.73821505,W228,,,,,,,,,,,,,,,,,,,
134.8484763,-13.73818965,W229,,,,,,,,,,,,,,,,,,,
135.08759,-13.7375917,W230,,,,,,,,,,,,,,,,,,,
134.847202,-13.73715276,W231,,,,,,,,,,,,,,,,,,,
134.8498325,-13.73678374,W232,,,,,,,,,,,,,,,,,,,
134.8492196,-13.73665223,W233,,,,,,,,,,,,,,,,,,,
135.0866239,-13.73617975,W234,,,,,,,,,,,,,,,,,,,
134.8510173,-13.73543727,W235,,,,,,,,,,,,,,,,,,,
133.8393605,-13.73510326,W236,,,,,,,,,,,,,,,,,,,
134.8519687,-13.73471769,W237,,,,,,,,,,,,,,,,,,,
134.8523771,-13.73368058,W238,,,,,,,,,,,,,,,,,,,
134.3902526,-13.73238446,W239,,,,,,,,,,,,,,,,,,,
134.3303216,-13.73147148,W240,,,,,,,,,,,,,,,,,,,
133.8462822,-13.73123117,W241,,,,,,,,,,,,,,,,,,,
133.9026592,-13.72524279,W242,,,,,,,,,,,,,,,,,,,Class 1
135.0175064,-13.72990189,W243,,,,,,,,,,,,,,,,,,,
133.8554607,-13.7280793,W244,,,,,,,,,,,,,,,,,,,Class 2
133.885371,-13.72665379,W245,,,,,,,,,,,,,,,,,,,Class 1
135.0003315,-13.72583918,W246,,,,,,,,,,,,,,,,,,,
134.5059456,-13.72580396,W247,Midnight springs (fenced),7 Nov 2023 at 1:54:29â¯PM,Joe Ashley,First time,Sacred / ceremony,I hear stories from old people,2 (ok),,,,,1-May,,,Class 2,,media_AMhTy6w8sx_UkQIkQhFDa.jpg,,
135.0010299,-13.72503571,W248,,,,,,,,,,,,,,,,,,,
134.005831,-13.72451239,W249,,,,,,,,,,,,,,,,,,,
135.0732061,-13.72438976,W250,,,,,,,,,,,,,,,,,,,
134.0155193,-13.72408893,W251,,,,,,,,,,,,,,,,,,,
134.0163106,-13.72162739,W252,,,,,,,,,,,,,,,,,,,
135.0656013,-13.71977721,W253,,,,,,,,,,,,,,,,,,,
134.50612,-13.7162,W254,,,,,,,,,,,,,,,,,,,
134.9818979,-13.71475342,W255,,,,,,,,,,,,,,,,,,,
134.6690804,-13.69297927,W256,,,,,,,,,,,,,,,,,,,
134.8686989,-13.67945904,W257,,,,,,,,,,,,,,,,,,,
134.854062,-13.67768515,W258,,,,,,,,,,,,,,,,,,,
133.773601,-13.67557649,W259,,,,,,,,,,,,,,,,,,,
135.019079,-13.66981515,W260,,,,,,,,,,,,,,,,,,,
134.8652125,-13.6689368,W261,,,,,,,,,,,,,,,,,,,
135.1013578,-13.66852797,W262,,,,,,,,,,,,,,,,,,,
134.63957,-13.66850306,W263,,,,,,,,,,,,,,,,,,,
133.7717553,-13.66603477,W264,,,,,,,,,,,,,,,,,,,
134.3157604,-13.66240436,W265,,,,,,,,,,,,,,,,,,,
133.7855498,-13.66224002,W266,,,,,,,,,,,,,,,,,,,
133.8269178,-13.65542907,W267,,,,,,,,,,,,,,,,,,,Class 3
134.9098074,-13.65273886,W268,,,,,,,,,,,,,,,,,,,
134.4143129,-13.6519009,W269,,,,,,,,,,,,,,,,,,,
134.6989011,-13.65094248,W270,,,,,,,,,,,,,,,Class 3,,,,
134.1589456,-13.64659096,W271,,,,,,,,,,,,,,,,,,,
135.10212,-13.64428735,W272,,,,,,,,,,,,,,,,,,,
134.3207151,-13.64366754,W273,,,,,,,,,,,,,,,,,,,
134.6996605,-13.64356591,W274,,,,,,,,,,,,,,,,,,,
134.1806455,-13.64272846,W275,,,,,,,,,,,,,,,,,,,
133.6799574,-13.64207593,W276,,,,,,,,,,,,,,,,,,,
134.8752786,-13.64186293,W277,,,,,,,,,,,,,,,,,,,
133.8039382,-13.64167865,W278,,,,,,,,,,,,,,,,,,,
134.3089806,-13.64012687,W279,Weemol Spring,,,,,,,,,,,,,,,,,,
134.2635716,-13.64009585,W280,,,,,,,,,,,,,,,,,,,
133.6607115,-13.63135949,W281,,,,,,,,,,,,,,,,,,,
134.1173925,-13.62979918,W282,,,,,,,,,,,,,,,,,,,
134.3234301,-13.62530679,W283,,,,,,,,,,,,,,,,,,,
134.6815772,-13.62415009,W284,,,,,,,,,,,,,,,,,,,
133.8091783,-13.62388121,W285,,,,,,,,,,,,,,,,,,,Class 2
134.2786499,-13.62212657,W286,,,,,,,,,,,,,,,,,,,
134.3686179,-13.62072011,W287,,,,,,,,,,,,,,,,,,,
133.7983485,-13.62023216,W288,,,,,,,,,,,,,,,,,,,Class 3
135.0030955,-13.61909582,W289,,,,,,,,,,,,,,,,,,,
133.824714,-13.61827804,W290,,,,,,,,,,,,,,,,,,,Class 2
134.2895506,-13.61595471,W291,,,,,,,,,,,,,,,,,,,
134.5186316,-13.61445945,W292,,,,,,,,,,,,,,,,,,,
134.3698044,-13.61302884,W293,,,,,,,,,,,,,,,,,,,
135.1096344,-13.6126078,W294,,,,,,,,,,,,,,,,,,,
134.7233923,-13.61248359,W295,,,,,,,,,,,,,,,,,,,
134.3678275,-13.61248049,W296,,,,,,,,,,,,,,,,,,,
134.705918,-13.61211929,W297,,,,,,,,,,,,,,,,,,,
133.9881568,-13.61189239,W298,,,,,,,,,,,,,,,,,,,
133.8751316,-13.61158595,W299,,,,,,,,,,,,,,,,,,,
133.9339848,-13.61155481,W300,,,,,,,,,,,,,,,,,,,
134.3474748,-13.61118496,W301,,,,,,,,,,,,,,,,,,,
133.863485,-13.61113791,W302,,,,,,,,,,,,,,,,,,,
133.9926674,-13.61031461,W303,,,,,,,,,,,,,,,,,,,
134.3706847,-13.61025824,W304,,,,,,,,,,,,,,,,,,,
133.8356619,-13.60918152,W305,,,,,,,,,,,,,,,,,,,Class 2
133.8136558,-13.60896944,W306,,,,,,,,,,,,,,,,,,,
134.4929506,-13.60894097,W307,,,,,,,,,,,,,,,,,,,
134.3253623,-13.60726909,W308,,,,,,,,,,,,,,,,,,,
134.8891625,-13.60621941,W309,,,,,,,,,,,,,,,,,,,
134.8903346,-13.60530803,W310,,,,,,,,,,,,,,,,,,,
134.0000253,-13.604132,W311,,,,,,,,,,,,,,,,,,,
134.5703167,-13.60325889,W312,,,,,,,,,,,,,,,,,,,
134.2656863,-13.60087962,W313,,,,,,,,,,,,,,,,,,,
133.7800071,-13.60036417,W314,,,,,,,,,,,,,,,,,,,
134.4711826,-13.59963533,W315,,,,,,,,,,,,,,,,,,,
133.8502725,-13.59543633,W316,,,,,,,,,,,,,,,,,,,
133.6878999,-13.59430863,W317,,,,,,,,,,,,,,,,,,,
133.8622253,-13.59420425,W318,,,,,,,,,,,,,,,,,,,
134.3434757,-13.59371235,W319,,,,,,,,,,,,,,,,,,,
133.838804,-13.59362582,W320,,,,,,,,,,,,,,,,,,,
134.0735234,-13.59304658,W321,,,,,,,,,,,,,,,,,,,
134.5459877,-13.59267281,W322,,,,,,,,,,,,,,,,,,,
134.6296497,-13.59212805,W323,,,,,,,,,,,,,,,,,,,
134.5346062,-13.59031737,W324,,,,,,,,,,,,,,,,,,,
134.310719,-13.58853127,W325,,,,,,,,,,,,,,,,,,,
134.1018944,-13.58814979,W326,,,,,,,,,,,,,,,,,,,
134.0582483,-13.58804929,W327,,,,,,,,,,,,,,,,,,,
134.7774908,-13.58752854,W328,,,,,,,,,,,,,,,,,,,
134.0969885,-13.58676,W329,,,,,,,,,,,,,,,,,,,
134.7784817,-13.58616118,W330,,,,,,,,,,,,,,,,,,,
134.0920809,-13.5860184,W331,,,,,,,,,,,,,,,,,,,
134.085443,-13.58568362,W332,,,,,,,,,,,,,,,,,,,
133.8777149,-13.5856835,W333,,,,,,,,,,,,,,,,,,,Class 2
134.778125,-13.58487308,W334,,,,,,,,,,,,,,,,,,,
134.9570657,-13.58445728,W335,,,,,,,,,,,,,,,,,,,
134.1078848,-13.58376729,W336,,,,,,,,,,,,,,,,,,,
134.2443557,-13.58308364,W337,,,,,,,,,,,,,,,,,,,
134.3875407,-13.58260747,W338,,,,,,,,,,,,,,,,,,,
133.7154823,-13.58248509,W339,,,,,,,,,,,,,,,,,,,
134.9155151,-13.58227464,W340,,,,,,,,,,,,,,,,,,,
133.7224172,-13.5818854,W341,,,,,,,,,,,,,,,,,,,
134.0899881,-13.58134622,W342,,,,,,,,,,,,,,,,,,,
134.0943435,-13.58082353,W343,,,,,,,,,,,,,,,,,,,
134.3538095,-13.58050588,W344,,,,,,,,,,,,,,,,,,,
134.3295875,-13.58035888,W345,,,,,,,,,,,,,,,,,,,
134.1087301,-13.57980893,W346,,,,,,,,,,,,,,,,,,,
134.773032,-13.5795899,W347,,,,,,,,,,,,,,,,,,,
133.8859309,-13.57952737,W348,,,,,,,,,,,,,,,,,,,
134.9461286,-13.57861732,W349,,,,,,,,,,,,,,,,,,,
134.3581783,-13.57850731,W350,,,,,,,,,,,,,,,,,,,
134.7837218,-13.57838633,W351,,,,,,,,,,,,,,,,,,,
134.769075,-13.57824553,W352,,,,,,,,,,,,,,,,,,,
134.0889986,-13.57794903,W353,,,,,,,,,,,,,,,,,,,
134.7638432,-13.57786357,W354,,,,,,,,,,,,,,,,,,,
134.2793311,-13.57717674,W355,,,,,,,,,,,,,,,,,,,
135.1130249,-13.57667883,W356,,,,,,,,,,,,,,,,,,,
133.8923569,-13.57635697,W357,,,,,,,,,,,,,,,,,,,
134.2612372,-13.57471673,W358,,,,,,,,,,,,,,,,,,,
134.5584439,-13.57311913,W359,,,,,,,,,,,,,,,,,,,
133.7155351,-13.57282163,W360,,,,,,,,,,,,,,,,,,,
135.1129399,-13.57015074,W361,,,,,,,,,,,,,,,,,,,
134.1211934,-13.56986967,W362,,,,,,,,,,,,,,,,,,,
134.6831086,-13.56775347,W363,,,,,,,,,,,,,,,,,,,
134.630158,-13.56556053,W364,,,,,,,,,,,,,,,,,,,
134.5989287,-13.56498124,W365,,,,,,,,,,,,,,,,,,,
134.6275963,-13.56410292,W366,,,,,,,,,,,,,,,,,,,
134.3875836,-13.56287929,W367,,,,,,,,,,,,,,,,,,,
134.961738,-13.56051765,W368,,,,,,,,,,,,,,,,,,,
134.5933023,-13.56007472,W369,,,,,,,,,,,,,,,,,,,
134.9675364,-13.56000451,W370,,,,,,,,,,,,,,,,,,,
134.980609,-13.55954675,W371,,,,,,,,,,,,,,,,,,,
134.9834846,-13.55935282,W372,,,,,,,,,,,,,,,,,,,
133.8696788,-13.55904989,W373,,,,,,,,,,,,,,,,,,,
134.962859,-13.5587514,W374,,,,,,,,,,,,,,,,,,,
134.246385,-13.55830215,W375,,,,,,,,,,,,,,,,,,,
134.2763151,-13.55782121,W376,,,,,,,,,,,,,,,,,,,
134.9787184,-13.55758453,W377,,,,,,,,,,,,,,,,,,,
134.9811542,-13.55743229,W378,,,,,,,,,,,,,,,,,,,
134.4012123,-13.55743215,W379,,,,,,,,,,,,,,,,,,,
134.2721409,-13.55689538,W380,,,,,,,,,,,,,,,,,,,
134.8006159,-13.55625899,W381,,,,,,,,,,,,,,,,,,,
134.9659666,-13.55621192,W382,,,,,,,,,,,,,,,,,,,
133.815818,-13.55581654,W383,,,,,,,,,,,,,,,,,,,
133.8722846,-13.5550143,W384,,,,,,,,,,,,,,,,,,,
134.2334528,-13.55479695,W385,,,,,,,,,,,,,,,,,,,
134.4085934,-13.55460924,W386,,,,,,,,,,,,,,,,,,,
134.4000861,-13.55393411,W387,,,,,,,,,,,,,,,,,,,
134.3919047,-13.55255802,W388,,,,,,,,,,,,,,,,,,,
134.2257892,-13.5518578,W389,,,,,,,,,,,,,,,,,,,
134.2581192,-13.55175823,W390,,,,,,,,,,,,,,,,,,,
134.2524373,-13.55121709,W391,,,,,,,,,,,,,,,,,,,
134.6840396,-13.54961976,W392,,,,,,,,,,,,,,,,,,,
134.232356,-13.549075,W393,,,,,,,,,,,,,,,,,,,
134.2713926,-13.5485615,W394,,,,,,,,,,,,,,,,,,,
134.3945339,-13.54675042,W395,,,,,,,,,,,,,,,,,,,
134.2167896,-13.54639334,W396,,,,,,,,,,,,,,,,,,,
134.2401224,-13.54596914,W397,,,,,,,,,,,,,,,,,,,
134.3912186,-13.54535323,W398,,,,,,,,,,,,,,,,,,,
134.3939848,-13.54398788,W399,,,,,,,,,,,,,,,,,,,
134.2040692,-13.54368658,W400,,,,,,,,,,,,,,,,,,,
134.3127042,-13.54338871,W401,,,,,,,,,,,,,,,,,,,
134.3931278,-13.54306582,W402,,,,,,,,,,,,,,,,,,,
133.6733475,-13.54137043,W403,,,,,,,,,,,,,,,,,,,
133.80532,-13.54102103,W404,,,,,,,,,,,,,,,,,,,
134.2241603,-13.53948091,W405,,,,,,,,,,,,,,,,,,,
134.4976558,-13.53866629,W406,,,,,,,,,,,,,,,,,,,
133.6658846,-13.53865075,W407,,,,,,,,,,,,,,,,,,,
134.6647558,-13.53842123,W408,,,,,,,,,,,,,,,,,,,
134.20271,-13.53831656,W409,,,,,,,,,,,,,,,,,,,
134.3927586,-13.53712183,W410,,,,,,,,,,,,,,,,,,,
134.3176445,-13.53467461,W411,,,,,,,,,,,,,,,,,,,
133.7028126,-13.53304796,W412,,,,,,,,,,,,,,,,,,,
134.4445037,-13.53242412,W413,,,,,,,,,,,,,,,,,,,
134.3948795,-13.53218107,W414,,,,,,,,,,,,,,,,,,,
133.928331,-13.53180787,W415,,,,,,,,,,,,,,,,,,,
134.9858061,-13.5311764,W416,,,,,,,,,,,,,,,,,,,
134.7051507,-13.5295131,W418,,,,,,,,,,,,,,,,,,,
134.0488777,-13.52909276,W419,,,,,,,,,,,,,,,,,,,
134.2044155,-13.52643246,W420,,,,,,,,,,,,,,,,,,,
134.5793969,-13.52513637,W421,,,,,,,,,,,,,,,,,,,
134.5094293,-13.52173958,W422,Baganaridj,29 Jun 2023 at 10:52:59â¯AM,"Batman
Michael lindsay
Nyah sattler",Assessment done at waterhole. Last here in April,Bushtucker,Ducks turtles cattle,2 (ok),"Still healthy environment
A bit of Buffalo damage
Good bird life",1-May,,,,,,Class 2,"Class 2, digging, water brown
Song meter: Baganaridj
Camera trap Ban1",,,
134.9582779,-13.5213174,W423,,,,,,,,,,,,,,,,,,,
134.4065434,-13.52126267,W424,,,,,,,,,,,,,,,,,,,
134.1577362,-13.51989112,W425,,,,,,,,,,,,,,,,,,,
134.3335029,-13.51981873,W426,,,,,,,,,,,,,,,,,,,
134.1997961,-13.51878717,W427,,,,,,,,,,,,,,,,,,,
134.2024182,-13.51875009,W428,,,,,,,,,,,,,,,,,,,
134.9743907,-13.51751389,W429,,,,,,,,,,,,,,,,,,,
134.2027324,-13.51674162,W430,,,,,,,,,,,,,,,,,,,
134.935558,-13.5151817,W431,,,,,,,,,,,,,,,,,,,
134.9778336,-13.51436457,W432,,,,,,,,,,,,,,,,,,,
134.4937784,-13.51323057,W433,,,,,,,,,,,,,,,,"Visited 30/6/23 waterhole was dry (soil moist). Lots of birds; bronzewings, peaceful doves. Suggest revisit.","media_AMhTy6w8sx_X7IRvW4aYR.jpg, media_AMhTy6w8sx_0p53VgnTvD.jpg, media_AMhTy6w8sx_eh0l66joZO.jpg, media_AMhTy6w8sx_SMV7pPKXZJ.jpg, media_AMhTy6w8sx_fPAd4ekSbU.jpg",,
134.5133604,-13.51209849,W434,,,,,,,,,,,,,,,,,,,
134.7380908,-13.51069538,W435,,,,,,,,,,,,,,,,,,,
133.9425613,-13.50946663,W436,,,,,,,,,,,,,,,,,,,
133.7414739,-13.50926807,W437,,,,,,,,,,,,,,,,,,,
134.4797543,-13.50832269,W438,,,,,,,,,,,,,,,,,,,
134.4945269,-13.50718899,W439,,,,,,,,,,,,,,,,,,,
133.6597082,-13.5064604,W440,,,,,,,,,,,,,,,,,,,
134.9671109,-13.5061416,W441,,,,,,,,,,,,,,,,,,,
133.6802153,-13.50348481,W442,,,,,,,,,,,,,,,,,,,
134.4892838,-13.50213851,W443,,,,,,,,,,,,,,,,,,,
134.3197858,-13.50206424,W444,,,,,,,,,,,,,,,,,,,
134.9783867,-13.5015806,W445,,,,,,,,,,,,,,,,,,,
133.7331715,-13.50155118,W446,,,,,,,,,,,,,,,,,,,
133.7151108,-13.49966153,W447,,,,,,,,,,,,,,,,,,,
133.716236,-13.49951197,W448,,,,,,,,,,,,,,,,,,,
133.732981,-13.49919179,W449,,,,,,,,,,,,,,,,,,,
133.7157019,-13.49797521,W450,,,,,,,,,,,,,,,,,,,
133.7249524,-13.49669992,W451,,,,,,,,,,,,,,,,,,,
134.3123711,-13.49651424,W452,,,,,,,,,,,,,,,,,,,
133.728664,-13.49597737,W453,,,,,,,,,,,,,,,,,,,
134.9839785,-13.49442497,W454,,,,,,,,,,,,,,,,,,,
134.5069648,-13.49333161,W455,,,,,,,,,,,,,,,,,,,
134.9908273,-13.49195183,W456,,,,,,,,,,,,,,,,,,,
134.984581,-13.49117501,W457,,,,,,,,,,,,,,,,,,,
133.7307757,-13.48990705,W458,,,,,,,,,,,,,,,,,,,
134.9842002,-13.48908829,W459,,,,,,,,,,,,,,,,,,,
134.1575078,-13.49090678,W460,Monster Hole,,,,,,,,,,,,,,Class 2,,,Permanent,
134.4410758,-13.48736052,W461,,,,,,,,,,,,,,,,,,,
133.6965086,-13.48681652,W462,,,,,,,,,,,,,,,,,,,
134.9919024,-13.48440501,W463,,,,,,,,,,,,,,,,,,,
134.9360731,-13.48360654,W464,,,,,,,,,,,,,,,,,,,
133.7737503,-13.48220137,W465,,,,,,,,,,,,,,,,,,,
134.9844324,-13.48088287,W466,,,,,,,,,,,,,,,,,,,
133.6765436,-13.47924099,W467,,,,,,,,,,,,,,,,,,,
134.9917863,-13.47801872,W468,,,,,,,,,,,,,,,,,,,
133.731595,-13.47691995,W469,,,,,,,,,,,,,,,,,,,
134.9891544,-13.47681887,W470,,,,,,,,,,,,,,,,,,,
134.9845098,-13.47654793,W471,,,,,,,,,,,,,,,,,,,
135.103622,-13.47595888,W472,,,,,,,,,,,,,,,,,,,
134.5817889,-13.47579557,W473,,,,,,,,,,,,,,,,,,,
134.986058,-13.4738386,W474,,,,,,,,,,,,,,,,,,,
133.7584924,-13.47237013,W475,,,,,,,,,,,,,,,,,,,
134.3067797,-13.47206561,W476,,,,,,,,,,,,,,,,,,,
133.8083569,-13.47176773,W477,,12 Nov 2023 at 3:39:53â¯PM,"Holly, Lew and Renae",N/A,,,2 (ok),"Soil disturbance - erosion 
Algae 
Water flow
Small fish
Pig tracks
Buffalo feces",,,,,,,Class 2,,"media_AMhTy6w8sx_ZpbfjuxNZD.jpg, media_AMhTy6w8sx_Gx4jkmkD10.jpg",Water running 12/11/23,
134.9873353,-13.47124538,W478,,,,,,,,,,,,,,,,,,,
134.9891544,-13.47081962,W479,,,,,,,,,,,,,,,,,,,
134.3283685,-13.47078806,W480,,,,,,,,,,,,,,,,,,,
133.6708872,-13.46771536,W481,,,,,,,,,,,,,,,,,,,
134.9829956,-13.46722039,W482,,,,,,,,,,,,,,,,,,,
134.9893712,-13.46523211,W483,,,,,,,,,,,,,,,,,,,
134.9959078,-13.46458042,W484,,,,,,,,,,,,,,,,,,,
134.9983471,-13.46195473,W485,,,,,,,,,,,,,,,,,,,
133.9646999,-13.46000702,W486,,,,,,,,,,,,,,,,,,,
134.8659155,-13.45911259,W487,,,,,,,,,,,,,,,Class 3,,,,
133.8381987,-13.45856355,W488,,,,,,,,,,,,,,,,,,,
135.0016388,-13.45808642,W489,,,,,,,,,,,,,,,,,,,
134.7526649,-13.45805166,W490,,,,,,,,,,,,,,,,,,,
134.9407522,-13.45773031,W491,,,,,,,,,,,,,,,,,,,
133.8365957,-13.45701687,W492,,,,,,,,,,,,,,,,,,,
134.8637159,-13.45644272,W493,,,,,,,,,,,,,,,,,,,
134.1543049,-13.45404506,W494,,,,,,,,,,,,,,,,,,,
133.7116376,-13.45319909,W495,,,,,,,,,,,,,,,,,,,
134.1500326,-13.45287693,W496,,,,,,,,,,,,,,,,,,,
133.9183457,-13.45190034,W497,,,,,,,,,,,,,,,,,,,
134.0765384,-13.45136241,W498,,,,,,,,,,,,,,,,,,,
134.1492603,-13.44944715,W499,,,,,,,,,,,,,,,,,,,
135.0049135,-13.44535652,W500,,,,,,,,,,,,,,,,,,,
133.9047904,-13.44517454,W501,,,,,,,,,,,,,,,,,,,
134.4908981,-13.44421715,W502,,,,,,,,,,,,,,,,,,,
134.61343,-13.44168389,W503,,,,,,,,,,,,,,,,,,,
134.30874,-13.43857,W504,,,,,,,,,,,,,,,,,,,
134.2936398,-13.43244417,W505,,,,,,,,,,,,,,,,,,,
134.4806558,-13.42909808,W506,,,,,,,,,,,,,,,,,,,
134.5662687,-13.42486909,W507,,,,,,,,,,,,,,,,,,,
134.3943282,-13.42144158,W508,,,,,,,,,,,,,,,,,,,
134.4458262,-13.41028852,W509,,,,,,,,,,,,,,,,,,,
134.6427349,-13.41006457,W510,,,,,,,,,,,,,,,,,,,
134.2653481,-13.40939295,W511,,,,,,,,,,,,,,,,,,,
134.4571287,-13.40731396,W512,,,,,,,,,,,,,,,,,,,
135.1350902,-13.40724997,W513,,,,,,,,,,,,,,,,,,,
135.0063398,-13.40535997,W514,,,,,,,,,,,,,,,,,,,
134.2605351,-13.40503775,W515,,,,,,,,,,,,,,,,,,,
134.2849379,-13.4049963,W516,,,,,,,,,,,,,,,,,,,
134.5460011,-13.40450551,W517,,,,,,,,,,,,,,,Class 2,,,,
134.2611072,-13.40411456,W518,,,,,,,,,,,,,,,,,,,
134.2579864,-13.4023236,W519,,,,,,,,,,,,,,,,,,,
135.0147865,-13.40127842,W520,,,,,,,,,,,,,,,,,,,
134.2559579,-13.40092869,W521,,,,,,,,,,,,,,,,,,,
134.4668938,-13.39822048,W522,,,,,,,,,,,,,,,,,,,
134.4066808,-13.39726207,W523,,,,,,,,,,,,,,,,,,,
134.9994742,-13.3969674,W524,,,,,,,,,,,,,,,,,,,
134.3060237,-13.39315682,W525,,,,,,,,,,,,,,,,,,,
133.7966472,-13.39280321,W526,,,,,,,,,,,,,,,,,,,
134.2061205,-13.39176163,W527,,,,,,,,,,,,,,,,,,,
133.8093164,-13.39139475,W528,,,,,,,,,,,,,,,,,,,
134.2421318,-13.39121638,W529,,,,,,,,,,,,,,,,,,,
134.2315812,-13.39041059,W530,,,,,,,,,,,,,,,,,,,
133.8831819,-13.38817242,W531,,,,,,,,,,,,,,,,,,,
133.8938561,-13.38746776,W532,,,,,,,,,,,,,,,,,,,
133.8849321,-13.38732497,W533,,,,,,,,,,,,,,,,,,,
134.5679597,-13.38673538,W534,,,,,,,,AgGAAR*REARARARRGAR,,,,,,,,,,,
134.3012147,-13.38653732,W535,,,,,,,,,,,,,,,,,,,
134.9987052,-13.3859494,W536,,,,,,,,,,,,,,,,,,,
134.6180276,-13.3850705,W537,,,,,,,,,,,,,,,Class 2,,,,
135.332644,-13.37892715,W538,,,,,,,,,,,,,,,,,,,Class 2
134.8828973,-13.3780923,W539,,,,,,,,,,,,,,,,,,,
135.0158383,-13.37749489,W541,,,,,,,,,,,,,,,,,,,
133.8254353,-13.37722291,W542,,,,,,,,,,,,,,,,,,,
135.0489974,-13.37698716,W543,,,,,,,,,,,,,,,,,,,
134.4618509,-13.37281994,W544,,,,,,,,,,,,,,,,,,,
134.1531296,-13.37252887,W545,Lake Korbbolyu,,,,,,,,,,,,,,,,,,
133.917376,-13.37061162,W546,,,,,,,,,,,,,,,,,,,
134.3185045,-13.36997194,W547,,,,,,,,,,,,,,,,,,,
134.8813469,-13.36951818,W548,,,,,,,,,,,,,,,,,,,
133.9034499,-13.36627409,W549,,,,,,,,,,,,,,,,,,,
133.9108105,-13.36626743,W550,,,,,,,,,,,,,,,,,,,
134.8808266,-13.36565163,W551,,,,,,,,,,,,,,,,,,,
134.8788886,-13.36391893,W552,,,,,,,,,,,,,,,,,,,
134.4786794,-13.3630711,W553,,,,,,,,,,,,,,,,,,,
134.9995522,-13.36132735,W554,,,,,,,,,,,,,,,,,,,
134.3170537,-13.35785738,W555,,,,,,,,,,,,,,,,,,,Class 3
134.9953898,-13.35616277,W556,,,,,,,,,,,,,,,,,,,
133.8512298,-13.35376956,W557,,,,,,,,,,,,,,,,,,,
134.8785233,-13.35154266,W558,,,,,,,,,,,,,,,,,,,
134.8694821,-13.35131458,W559,,,,,,,,,,,,,,,,,,,
134.5611449,-13.35074551,W560,,,,,,,,,,,,,,,,,,,
134.8787037,-13.35066213,W561,,,,,,,,,,,,,,,,,,,
134.8820454,-13.35009917,W562,,,,,,,,,,,,,,,,,,,
134.88359,-13.34989708,W563,,,,,,,,,,,,,,,,,,,
134.4783766,-13.34870759,W564,,,,,,,,,,,,,,,,,,,
134.8748712,-13.34810634,W565,,,,,,,,,,,,,,,,,,,
134.9001324,-13.34779679,W566,,,,,,,,,,,,,,,,,,,
134.8980538,-13.3462306,W567,,,,,,,,,,,,,,,,,,,
134.798894,-13.34140542,W568,,,,,,,,,,,,,,,,,,,
134.7991612,-13.34069522,W569,,,,,,,,,,,,,,,,,,,
134.4777766,-13.34067369,W570,,,,,,,,,,,,,,,,,,,
134.2474019,-13.34045098,W571,,,,,,,,,,,,,,,,,,,
134.800666,-13.33991469,W572,,,,,,,,,,,,,,,,,,,
134.7997589,-13.33973187,W573,,,,,,,,,,,,,,,,,,,
134.2418319,-13.33958844,W574,,,,,,,,,,,,,,,,,,,
134.2774242,-13.33287396,RA575,,19 Apr 2023 at 4:01:25â¯PM,,,,,,,,,,,,,,,"media_AMhTy6w8sx_nl5uNbFo91.jpg, media_AMhTy6w8sx_h4Kefxhbsj.jpg, media_AMhTy6w8sx_z0w1sZWF6B.jpg",,
134.257476,-13.33944045,W575,,,,,,,,,,,,,,,,,,,
134.6476881,-13.33889166,W576,,,,,,,,,,,,,,,,,,,
134.4788183,-13.33664563,W577,,,,,,,,,,,,,,,,,,,
134.6487813,-13.33617173,W578,,,,,,,,,,,,,,,,,,,
134.2251124,-13.33557193,W579,,,,,,,,,,,,,,,,,,,
134.8962305,-13.3355616,W580,,,,,,,,,,,,,,,,,,,
134.7053057,-13.33462368,W581,,,,,,,,,,,,,,,,,,,
134.4873628,-13.33276515,W582,,,,,,,,,,,,,,,,,,,Class 2
135.0196221,-13.33202656,W583,,,,,,,,,,,,,,,,,,,
134.8916314,-13.33186124,W584,,,,,,,,,,,,,,,,,,,
134.8941864,-13.32985247,W585,,,,,,,,,,,,,,,,,,,
134.8918605,-13.32976436,W586,,,,,,,,,,,,,,,,,,,
135.066133,-13.32897817,W587,,,,,,,,,,,,,,,,,,,
134.8938693,-13.32801991,W588,,,,,,,,,,,,,,,,,,,
133.8715308,-13.32716422,W589,,,,,,,,,,,,,,,,"Class 3 very degraded in parts (outer parts of spring) Buffalo wallows.
 multiple patches water, some clean with fish",,,
134.4746123,-13.32668834,W590,,,,,,,,,,,,,,,,,,,
134.2174273,-13.32662714,W591,,,,,,,,,,,,,,,,,,,
135.0272979,-13.32635296,W592,,,,,,,,,,,,,,,,,,,
134.6503192,-13.32634962,W593,,,,,,,,,,,,,,,,,,,Class 2
134.8945952,-13.32443654,W594,,,,,,,,,,,,,,,,,,,
134.8985987,-13.32417717,W595,,,,,,,,,,,,,,,,,,,
134.8955432,-13.32308609,W596,,,,,,,,,,,,,,,,,,,
134.8989088,-13.32280416,W597,,,,,,,,,,,,,,,,,,,
134.9011643,-13.32266319,W598,,,,,,,,,,,,,,,,,,,
134.8936226,-13.32262795,W599,,,,,,,,,,,,,,,,,,,
134.5294493,-13.32032511,W600,,,,,,,,,,,,,,,,,,,
134.5546223,-13.31910968,W601,,,,,,,,,,,,,,,,,,,
134.7152714,-13.31880428,W602,,,,,,,,,,,,,,,,,,,
134.8981082,-13.31807518,W603,,,,,,,,,,,,,,,,,,,
134.3289231,-13.31661884,W604,,,,,,,,,,,,,,,,,,,
134.8982734,-13.31642323,W605,,,,,,,,,,,,,,,,,,,
134.223633,-13.31567356,W606,,,,,,,,,,,,,,,,,,,
134.9011092,-13.31532193,W607,,,,,,,,,,,,,,,,,,,
134.7806345,-13.3148977,W608,,,,,,,,,,,,,,,,,,,
134.2707778,-13.31390455,W609,,,,,,,,,,,,,,,,,,,
134.6619725,-13.31318306,W610,,,,,,,,,,,,,,,,,,,
134.9000858,-13.31277795,W611,,,,,,,,,,,,,,,,,,,
134.17287,-13.31217,W612,,,,,,,,,,,,,,,,,,,
134.4946333,-13.31214738,W613,,,,,,,,,,,,,,,,,,,
134.4884479,-13.31171332,W614,,,,,,,,,,,,,,,,,,,
134.9026639,-13.31072699,W615,,,,,,,,,,,,,,,,,,,
134.9068874,-13.31011267,W616,,,,,,,,,,,,,,,,,,,
134.9052236,-13.30905039,W617,,,,,,,,,,,,,,,,,,,
134.8759278,-13.30853845,W618,,,,,,,,,,,,,,,,,,,
134.5275038,-13.30778976,W619,,,,,,,,,,,,,,,,,,,
134.88417,-13.30754017,W620,,,,,,,,,,,,,,,,,,,
134.5502996,-13.30737972,W621,,,,,,,,,,,,,,,,,,,
134.6141582,-13.30617511,W622,,,,,,,,,,,,,,,,,,,
134.5279003,-13.30594585,W623,,,,,,,,,,,,,,,,,,,
134.4977802,-13.30514819,W624,,,,,,,,,,,,,,,,,,,
134.5497256,-13.30455368,W625,,,,,,,,,,,,,,,,,,,
134.5720888,-13.303935,W626,,,,,,,,,,,,,,,,,,,
134.21924,-13.30371,W627,,,,,,,,,,,,,,,,,,,
134.8899355,-13.30194773,W628,,,,,,,,,,,,,,,,,,,
134.9121794,-13.30184423,W629,,,,,,,,,,,,,,,,,,,
134.2201906,-13.30164956,W630,,,,,,,,,,,,,,,,,,,
134.9176344,-13.30119368,W631,,,,,,,,,,,,,,,,,,,
134.8963491,-13.30008836,W632,,,,,,,,,,,,,,,,,,,
135.17297,-13.29870257,W633,,,,,,,,,,,,,,,,,,,
135.1594175,-13.29817397,W634,,,,,,,,,,,,,,,,,,,
134.9378814,-13.29745974,W635,,,,,,,,,,,,,,,,,,,
134.9222076,-13.29694418,W636,,,,,,,,,,,,,,,,,,,
134.9302822,-13.29625988,W637,,,,,,,,,,,,,,,,,,,
134.9174113,-13.29569432,W638,,,,,,,,,,,,,,,,,,,
134.9119744,-13.29508002,W639,,,,,,,,,,,,,,,,,,,
134.9201375,-13.29491317,W640,,,,,,,,,,,,,,,,,,,
134.932762,-13.29472006,W641,,,,,,,,,,,,,,,,,,,
134.9153412,-13.2943976,W642,,,,,,,,,,,,,,,,,,,
134.9190907,-13.29381173,W643,,,,,,,,,,,,,,,,,,,
134.18212,-13.29245,W644,,,,,,,,,,,,,,,,,,,
134.9345218,-13.29214036,W645,,,,,,,,,,,,,,,,,,,
135.2137541,-13.29155612,W646,,,,,,,,,,,,,,,,,,,
133.8328543,-13.29119635,W647,,,,,,,,,,,,,,,,,,,
135.1211334,-13.29018273,W648,,,,,,,,,,,,,,,,,,,
134.9383413,-13.29002061,W649,,,,,,,,,,,,,,,,,,,
134.940561,-13.28884075,W650,,,,,,,,,,,,,,,,,,,
134.816392,-13.28865267,W651,,,,,,,,,,,,,,,,,,,
134.8167313,-13.28760388,W652,,,,,,,,,,,,,,,,,,,
134.9467675,-13.28719054,W653,,,,,,,,,,,,,,,,,,,
134.6251365,-13.28559076,W654,,,,,,,,,,,,,,,Class 2,,,,Class 2
134.5128243,-13.28531411,W655,,,,,,,,,,,,,,,,,,,
135.1624177,-13.2852301,W656,,,,,,,,,,,,,,,,,,,
134.6123822,-13.28504871,W657,,,,,,,,,,,,,,,,,,,
135.1772507,-13.28237633,W658,,,,,,,,,,,,,,,,,,,
135.1160522,-13.28084989,W659,,,,,,,,,,,,,,,,,,,
134.6857739,-13.28032586,W660,,,,,,,,,,,,,,,,,,,
134.5190595,-13.27834232,W661,,,,,,,,,,,,,,,,,,,
134.9715844,-13.27779617,W662,,,,,,,,,,,,,,,,,,,
134.583858,-13.27730213,W663,,,,,,,,,,,,,,,,,,,
134.4671322,-13.27662872,W664,,,,,,,,,,,,,,,,,,,
134.9855077,-13.27588333,W665,,,,,,,,,,,,,,,,,,,
134.9855077,-13.27340783,W666,,,,,,,,,,,,,,,,,,,
134.9828399,-13.27309539,W667,,,,,,,,,,,,,,,,,,,
134.9877909,-13.27304732,W668,,,,,,,,,,,,,,,,,,,
135.2261267,-13.27279982,W669,,,,,,,,,,,,,,,,,,,
134.8238678,-13.26921537,W670,,,,,,,,,,,,,,,,,,,
134.9702964,-13.26917377,W671,,,,,,,,,,,,,,,,,,,
134.6948069,-13.26828145,W672,,,,,,,,,,,,,,,,,,,
135.1503647,-13.26822176,W673,,,,,,,,,,,,,,,,,,,
134.9852192,-13.26790404,W674,,,,,,,,,,,,,,,,,,,
134.9664268,-13.26789578,W675,,,,,,,,,,,,,,,,,,,
134.9816566,-13.26605258,W676,,,,,,,,,,,,,,,,,,,
134.5429228,-13.26596282,W677,,,,,,,,,,,,,,,,,,,
134.7016657,-13.26557621,W678,,,,,,,,,,,,,,,,,,,
134.7058196,-13.26502705,W679,,,,,,,,,,,,,,,,,,,
134.9894734,-13.26459484,W680,,,,,,,,,,,,,,,,,,,
135.1340199,-13.26439989,W681,,,,,,,,,,,,,,,,,,,
134.9639661,-13.26387463,W682,,,,,,,,,,,,,,,,,,,
135.1292387,-13.26325029,W683,,,,,,,,,,,,,,,,,,,
134.7010119,-13.26222288,W684,,,,,,,,,,,,,,,,,,,
133.9551699,-13.26122512,W685,,,,,,,,,,,,,,,,,,,
134.9525579,-13.25951796,W686,,,,,,,,,,,,,,,,,,,
135.0389055,-13.25856129,W687,,,,,,,,,,,,,,,,,,,
134.9664555,-13.25820686,W688,,,,,,,,,,,,,,,,,,,
134.9823913,-13.2560724,W689,,,,,,,,,,,,,,,,,,,
134.9605556,-13.25436098,W690,,,,,,,,,,,,,,,,,,,
134.5627002,-13.25430592,W691,,,,,,,,,,,,,,,,,,,
135.2315078,-13.25243475,W692,,,,,,,,,,,,,,,,,,,
134.9537379,-13.25191361,W693,,,,,,,,,,,,,,,,,,,
134.1938037,-13.2515633,W694,,,,,,,,,,,,,,,,,,,
134.9786103,-13.25151109,W695,,,,,,,,,,,,,,,,,,,
134.1917992,-13.25031252,W696,,,,,,,,,,,,,,,,,,,
134.9533445,-13.24933512,W697,,,,,,,,,,,,,,,,,,,
134.9642252,-13.24842442,W698,,,,,,,,,,,,,,,,,,,
134.9693991,-13.24704251,W699,,,,,,,,,,,,,,,,,,,
134.6020751,-13.24480171,W700,,,,,,,,,,,,,,,,,,,
134.9700554,-13.24411352,W701,,,,,,,,,,,,,,,,,,,
133.8600844,-13.24228944,W702,,,,,,,,,,,,,,,,,,,
134.6022182,-13.24150622,W703,,,,,,,,,,,,,,,,,,,
134.7981612,-13.24128371,W704,,,,,,,,,,,,,,,,,,,
134.9846072,-13.24076321,W705,,,,,,,,,,,,,,,,,,,
134.716962,-13.2391747,W706,,,,,,,,,,,,,,,,,,,Class 2
134.6142198,-13.2375108,W707,,,,,,,,,,,,,,,,,,,
134.9569803,-13.23603993,W708,,,,,,,,,,,,,,,,,,,
134.9729795,-13.23309022,W709,,,,,,,,,,,,,,,,,,,
134.9793154,-13.23282788,W710,,,,,,,,,,,,,,,,,,,
135.0804511,-13.23231163,W711,,,,,,,,,,,,,,,,,,,
134.9762558,-13.22726504,W712,,,,,,,,,,,,,,,,,,,
135.2497137,-13.22560109,W713,,,,,,,,,,,,,,,,,,,
134.9644498,-13.22077941,W714,,,,,,,,,,,,,,,,,,,
135.0973067,-13.22071681,W715,,,,,,,,,,,,,,,,,,,
134.9644219,-13.21988626,W716,,,,,,,,,,,,,,,,,,,
135.0841715,-13.21968232,W717,,,,,,,,,,,,,,,,,,,
134.9649518,-13.21898761,W718,,,,,,,,,,,,,,,,,,,
135.2495546,-13.21792953,W719,,,,,,,,,,,,,,,,,,,
134.9696712,-13.21790643,W720,,,,,,,,,,,,,,,,,,,
134.9678913,-13.2174667,W721,,,,,,,,,,,,,,,,,,,
133.9133683,-13.21617878,W722,,,,,,,,,,,,,,,,,,,
134.9802117,-13.21599968,W723,,,,,,,,,,,,,,,,,,,
134.6060404,-13.215985,W724,,,,,,,,,,,,,,,,,,,
135.1384409,-13.2159819,W725,,,,,,,,,,,,,,,,,,,
134.8264267,-13.21552029,W726,,,,,,,,,,,,,,,,,,,
134.7366567,-13.21518717,W727,,,,,,,,,,,,,,,,,,,Class 3
134.7932069,-13.21466202,W728,,,,,,,,,,,,,,,,,,,
134.6219265,-13.21422603,W729,,,,,,,,,,,,,,,,,,,
134.9839227,-13.21060532,W730,,,,,,,,,,,,,,,,,,,
134.7726489,-13.20931143,W731,,,,,,,,,,,,,,,,,,,
133.931953,-13.20886478,W732,,,,,,,,,,,,,,,,,,,
134.9619715,-13.20715866,W733,,,,,,,,,,,,,,,,,,,
134.8287613,-13.20708741,W734,,,,,,,,,,,,,,,,,,,
134.6105754,-13.20691502,W735,,,,,,,,,,,,,,,,,,,
133.8976041,-13.20595713,W736,,13 Nov 2023 at 2:53:52â¯PM,Holly,First time,,,,,More than 50,,,,,,Class 3,Large Buffalo damaged spring,"media_AMhTy6w8sx_x1RoOAp2Y6.jpg, media_AMhTy6w8sx_NGeJk5vdLZ.jpg, media_AMhTy6w8sx_b8rnSAkD8p.jpg",,
134.9791801,-13.20570122,W737,,,,,,,,,,,,,,,,,,,
134.9231884,-13.20556737,W738,,,,,,,,,,,,,,,,,,,
134.9887028,-13.2048398,W739,,,,,,,,,,,,,,,,,,,
134.9623004,-13.203933,W740,,,,,,,,,,,,,,,,,,,
134.5594707,-13.20363281,W742,,,,,,,,,,,,,,,,,,,
134.6834546,-13.20300583,W743,,,,,,,,,,,,,,,Class 2,,,,
134.7604296,-13.20243195,W744,,,,,,,,,,,,,,,,,,,
134.768397,-13.20191072,W746,,,,,,,,,,,,,,,,,,,
135.0006678,-13.20130839,W747,,,,,,,,,,,,,,,,,,,
134.9758457,-13.20105977,W748,,,,,,,,,,,,,,,,,,,
134.9248566,-13.20011578,W749,,,,,,,,,,,,,,,,,,,
134.9216822,-13.19921294,W750,,,,,,,,,,,,,,,,,,,
133.9177211,-13.19636174,W751,,,,,,,,,,,,,,,,,,,
134.9247227,-13.19573732,W752,,,,,,,,,,,,,,,,,,,
134.9753887,-13.19567139,W753,,,,,,,,,,,,,,,,,,,
134.962589,-13.19562445,W754,,,,,,,,,,,,,,,,,,,
134.3091189,-13.19517736,W755,,,,,,,,,,,,,,,,,,,
134.6107417,-13.19137247,W757,,,,,,,,,,,,,,,,,,,
134.7514197,-13.1903691,W758,,,,,,,,,,,,,,,,,,,Class 2
134.7666217,-13.18951725,W759,,,,,,,,,,,,,,,,,,,
134.9614963,-13.18932814,W760,,,,,,,,,,,,,,,,,,,
134.7748127,-13.18868328,W761,,,,,,,,,,,,,,,,,,,
134.9301053,-13.18843444,W762,,,,,,,,,,,,,,,,,,,
134.9269221,-13.18843076,W763,,,,,,,,,,,,,,,,,,,
134.6221952,-13.18841422,W764,,,,,,,,,,,,,,,,,,,
134.8415491,-13.18767558,W765,,,,,,,,,,,,,,,,,,,
134.8374432,-13.18738817,W766,,,,,,,,,,,,,,,,,,,
134.8400792,-13.18738817,W767,,,,,,,,,,,,,,,,,,,
134.8423457,-13.18708433,W768,,,,,,,,,,,,,,,,,,,
134.6890492,-13.18651162,W769,,,,,,,,,,,,,,,,,,,
134.930037,-13.18499875,W770,,,,,,,,,,,,,,,,,,,
134.843796,-13.18366828,W771,,,,,,,,,,,,,,,,,,,
134.8545732,-13.1832658,W772,,,,,,,,,,,,,,,,,,,
134.9717863,-13.18274489,W773,,,,,,,,,,,,,,,,,,,
134.8190683,-13.18223862,W774,,,,,,,,,,,,,,,,,,,
134.8464598,-13.18221468,W775,,,,,,,,,,,,,,,,,,,
134.6113202,-13.18208287,W776,,,,,,,,,,,,,,,,,,,
134.9634278,-13.18120685,W777,,,,,,,,,,,,,,,,,,,
134.7788596,-13.18092133,W778,,,,,,,,,,,,,,,Class 2,,,,Class 2
134.7729084,-13.18044209,W779,,,,,,,,,,,,,,,,,,,Class 3
134.613592,-13.1796993,W780,,,,,,,,,,,,,,,,,,,
133.9416276,-13.17967994,W781,,,,,,,,,,,,,,,,,,,
134.9370152,-13.17899002,W782,,,,,,,,,,,,,,,,,,,
134.8478859,-13.17889673,W783,,,,,,,,,,,,,,,,,,,
134.7787718,-13.1778779,W784,,,,,,,,,,,,,,,,,,,Class 3
134.9703636,-13.17745465,W785,,,,,,,,,,,,,,,,,,,
134.19756,-13.17703416,W786,,,,,,,,,,,,,,,,,,,
134.6939685,-13.17676942,W787,,,,,,,,,,,,,,,,,,,
134.9738912,-13.17460111,W788,,,,,,,,,,,,,,,,,,,
134.8568476,-13.17444596,W789,,,,,,,,,,,,,,,,,,,
135.1139047,-13.17269785,W791,,,,,,,,,,,,,,,,,,,
134.23039,-13.17264,W792,,,,,,,,,,,,,,,,,,,
134.9614797,-13.17121053,W793,,,,,,,,,,,,,,,,,,,
134.850833,-13.17109785,W794,,,,,,,,,,,,,,,,,,,
134.9535897,-13.17108794,W795,,,,,,,,,,,,,,,,,,,
134.8073543,-13.17025739,W796,,,,,,,,,,,,,,,,,,,
134.9602381,-13.16966438,W797,,,,,,,,,,,,,,,,,,,
135.1138783,-13.16917668,W798,,,,,,,,,,,,,,,,,,,
134.9684885,-13.16818654,W799,,,,,,,,,,,,,,,,,,,
134.8553927,-13.16818508,W800,,,,,,,,,,,,,,,,,,,
135.0722144,-13.16817329,W801,,,,,,,,,,,,,,,,,,,
134.9606564,-13.16816224,W802,,,,,,,,,,,,,,,,,,,
134.697807,-13.16773264,W803,,,,,,,,,,,,,,,,,,,
134.9736935,-13.16692354,W804,,,,,,,,,,,,,,,,,,,
135.1137938,-13.1665589,W805,,,,,,,,,,,,,,,,,,,
134.7595429,-13.16649775,W806,,,,,,,,,,,,,,,,,,,
134.8559302,-13.16645301,W807,,,,,,,,,,,,,,,,,,,
134.611772,-13.16519853,W808,,,,,,,,,,,,,,,,,,,
135.0727267,-13.16472705,W809,,,,,,,,,,,,,,,,,,,
133.997965,-13.16365963,W810,,,,,,,,,,,,,,,,,,,
135.0736736,-13.16295764,W811,,,,,,,,,,,,,,,,,,,
135.0718468,-13.16281418,W812,,,,,,,,,,,,,,,,,,,
134.9508778,-13.16276963,W813,,,,,,,,,,,,,,,,,,,
134.7636192,-13.16088588,W814,,,,,,,,,,,,,,,,,,,
134.96494,-13.16081242,W815,,,,,,,,,,,,,,,,,,,
134.9675338,-13.16001607,W816,,,,,,,,,,,,,,,,,,,
135.0937733,-13.15975051,W817,,,,,,,,,,,,,,,,,,,
135.108603,-13.1596279,W818,,,,,,,,,,,,,,,,,,,
135.0730959,-13.15959136,W819,,,,,,,,,,,,,,,,,,,
135.0741855,-13.15953627,W820,,,,,,,,,,,,,,,,,,,
133.9452505,-13.15936003,W821,,,,,,,,,,,,,,,,,,,
135.0931735,-13.15889966,W822,,,,,,,,,,,,,,,,,,,
135.0750726,-13.15822902,W823,,,,,,,,,,,,,,,,,,,
135.0925684,-13.15818985,W824,,,,,,,,,,,,,,,,,,,
134.6667286,-13.15813178,W825,,,,,,,,,,,,,,,,,,,
134.8496246,-13.1579302,W826,,,,,,,,,,,,,,,,,,,
134.9639161,-13.15730848,W827,,,,,,,,,,,,,,,,,,,
134.8694787,-13.15690405,W828,,,,,,,,,,,,,,,,,,,
134.8642447,-13.15658592,W829,Barrapunta,29 Jun 2023 at 12:22:08â¯PM,"Alex Ernst
Michael Lindsay
Nyah sattler",,Bushtucker,Turtle fishing and clear clean water for drinking,1 (healthy),"Heaps of lillies 
Clear water not dirty
Good plant life",,,,,,,Class 1,,"media_AMhTy6w8sx_kuSjUaRS7g.jpg, media_AMhTy6w8sx_i8zKdaKqy8.jpg",,
134.9652358,-13.15646662,W830,,,,,,,,,,,,,,,,,,,
134.7005651,-13.15608678,W831,,,,,,,,,,,,,,,,,,,
134.9667147,-13.15605707,W832,,,,,,,,,,,,,,,,,,,
135.0871676,-13.15600359,W833,,,,,,,,,,,,,,,,,,,
134.6006042,-13.15599149,W834,,,,,,,,,,,,,,,,,,,
134.7709307,-13.15596252,W835,,,,,,,,,,,,,,,,,,,
135.0931948,-13.15594474,W836,,,,,,,,,,,,,,,,,,,
134.8183165,-13.15551417,W837,,,,,,,,,,,,,,,,,,,
134.9283618,-13.15549097,W838,,,,,,,,,,,,,,,,,,,
135.0903703,-13.1554824,W839,,,,,,,,,,,,,,,,,,,
135.107519,-13.1553395,W840,,,,,,,,,,,,,,,,,,,
133.95097,-13.15488679,W841,,,,,,,,,,,,,,,,,,,
135.0945704,-13.15418226,W842,,,,,,,,,,,,,,,,,,,
135.0779867,-13.15416185,W843,,,,,,,,,,,,,,,,,,,
134.617566,-13.15413286,W844,,,,,,,,,,,,,,,,,,,
135.0968672,-13.15390017,W845,,,,,,,,,,,,,,,,,,,
134.9400139,-13.1531672,W846,,,,,,,,,,,,,,,,,,,
135.0826198,-13.15301098,W847,,,,,,,,,,,,,,,,,,,
135.1066615,-13.15265792,W848,,,,,,,,,,,,,,,,,,,
135.0957402,-13.15223258,W849,,,,,,,,,,,,,,,,,,,
135.1044675,-13.15217877,W850,,,,,,,,,,,,,,,,,,,
134.8907136,-13.15124023,W851,,,,,,,,,,,,,,,,,,,
134.9531241,-13.15113708,W852,,,,,,,,,,,,,,,,,,,
134.8680081,-13.15029347,W853,,,,,,,,,,,,,,,,,,,
135.1269568,-13.14941447,W854,,,,,,,,,,,,,,,,,,,
134.8745198,-13.14914249,W855,,,,,,,,,,,,,,,,,,,
133.9781117,-13.1484294,W856,,,,,,,,,,,,,,,,,,,
135.1242118,-13.14813284,W857,,,,,,,,,,,,,,,,,,,
134.874372,-13.14774121,W858,,,,,,,,,,,,,,,,,,,
135.099578,-13.14728655,W859,,,,,,,,,,,,,,,,,,,
134.7080205,-13.14708974,W860,,,,,,,,,,,,,,,,,,,
135.0969921,-13.14599361,W861,,,,,,,,,,,,,,,,,,,
135.1203761,-13.14599004,W862,,,,,,,,,,,,,,,,,,,
134.9706965,-13.14540871,W863,,,,,,,,,,,,,,,,,,,
134.8711776,-13.14509699,W864,,,,,,,,,,,,,,,,,,,
134.6316935,-13.14404156,W865,,,,,,,,,,,,,,,,,,,
134.7458347,-13.14389452,W866,,,,,,,,,,,,,,,,,,,
135.0957812,-13.14375661,W867,,,,,,,,,,,,,,,,,,,
134.9677122,-13.14375143,W868,,,,,,,,,,,,,,,,,,,
135.0950219,-13.14369504,W869,,,,,,,,,,,,,,,,,,,
135.184587,-13.14358856,W870,,,,,,,,,,,,,,,,,,,
134.8841154,-13.14348001,W871,,,,,,,,,,,,,,,,,,,
134.6628589,-13.14296701,W872,,,,,,,,,,,,,,,,,,,
135.0941189,-13.14289464,W873,,,,,,,,,,,,,,,,,,,
134.5217905,-13.14223369,W874,,,,,,,,,,,,,,,,,,,
135.0925181,-13.14141699,W875,,,,,,,,,,,,,,,,,,,
135.2129597,-13.13857802,W876,,,,,,,,,,,,,,,,,,,
135.2109799,-13.1383963,W877,,,,,,,,,,,,,,,,,,,
134.9669258,-13.13770732,W878,,,,,,,,,,,,,,,,,,,
133.9274546,-13.13740285,W879,,,,,,,,,,,,,,,,,,,
134.8442147,-13.13691536,W880,,,,,,,,,,,,,,,,,,,
135.0948782,-13.13630678,W881,,,,,,,,,,,,,,,,,,,
134.9652407,-13.13564019,W882,,,,,,,,,,,,,,,,,,,
134.7195047,-13.13555433,W883,,,,,,,,,,,,,,,,,,,
134.6647419,-13.13555411,W884,,,,,,,,,,,,,,,,,,,
134.7221913,-13.1349617,W885,,,,,,,,,,,,,,,,,,,
134.962119,-13.13483307,W886,,,,,,,,,,,,,,,,,,,
134.828783,-13.13463094,W887,,,,,,,,,,,,,,,,,,,
134.8975185,-13.13281199,W888,,,,,,,,,,,,,,,,,,,
134.9655732,-13.13271385,W889,,,,,,,,,,,,,,,,,,,
134.9570438,-13.13247209,W890,,,,,,,,,,,,,,,,,,,
134.9549373,-13.13004967,W891,,,,,,,,,,,,,,,,,,,
134.8009164,-13.12974198,WA985,,,,,,,,,,,,,,,,,,,
134.7323878,-13.12904642,W892,,,,,,,,,,,,,,,,,,,
134.9753505,-13.12841776,W893,,,,,,,,,,,,,,,,,,,
135.0903589,-13.12841238,W894,,,,,,,,,,,,,,,,,,,
134.5473208,-13.1279807,W895,,,,,,,,,,,,,,,,,,,
134.1977925,-13.12772302,W896,,,,,,,,,,,,,,,,,,,
134.5203727,-13.1275986,W897,,,,,,,,,,,,,,,,,,,
134.6659602,-13.12673256,W898,,,,,,,,,,,,,,,,,,,
134.8950744,-13.12554305,W899,,,,,,,,,,,,,,,,,,,
135.0975667,-13.12524491,W900,,,,,,,,,,,,,,,,,,,
134.9443063,-13.12453999,W901,,,,,,,,,,,,,,,,,,,
135.0867077,-13.12443213,W902,,,,,,,,,,,,,,,,,,,
135.0846393,-13.12429109,W903,,,,,,,,,,,,,,,,,,,
134.9561551,-13.12422402,W904,,,,,,,,,,,,,,,,,,,
134.7347141,-13.12398927,W905,,,,,,,,,,,,,,,,,,,
134.9528967,-13.12327612,W906,,,,,,,,,,,,,,,,,,,
135.1600783,-13.12252898,W907,,,,,,,,,,,,,,,,,,,
135.0825846,-13.12133317,W908,,,,,,,,,,,,,,,,,,,
134.4884432,-13.12117649,W909,,14 Nov 2023 at 3:24:07â¯PM,Anthea,First time,Bushtucker,Turtles. Animals come here to drink,1 (healthy),Flowing. Water is clear. Healthy vegetation.,,,,,,,Class 1,,"media_AMhTy6w8sx_GrNUs0vJu6.jpg, media_AMhTy6w8sx_TCNbg8wIE8.jpg",Permanent. Water flowing  14/11/23,
134.9593543,-13.12031392,W910,,,,,,,,,,,,,,,,,,,
134.9579917,-13.11976098,W911,,,,,,,,,,,,,,,,,,,
134.9665425,-13.11966224,W912,,,,,,,,,,,,,,,,,,,
134.8068925,-13.1193142,WA960,,,,,,,,,,,,,,,,,,,
135.0796395,-13.11902,W913,,,,,,,,,,,,,,,,,,,
134.9638173,-13.11889206,W914,,,,,,,,,,,,,,,,,,,
134.888482,-13.11879826,W915,,,,,,,,,,,,,,,,,,,
134.6578068,-13.11828976,W916,,,,,,,,,,,,,,,,,,,
134.9463799,-13.11812189,W917,,,,,,,,,,,,,,,,,,,
134.8919785,-13.11784467,W918,,,,,,,,,,,,,,,,,,,
134.9580312,-13.1175492,W919,,,,,,,,,,,,,,,,,,,
135.1771889,-13.11736421,W920,,,,,,,,,,,,,,,,,,,
134.9629089,-13.11699626,W921,,,,,,,,,,,,,,,,,,,
134.8913819,-13.1167648,W922,,,,,,,,,,,,,,,,,,,
135.0782928,-13.11671843,W923,,,,,,,,,,,,,,,,,,,
133.9437306,-13.11624359,W924,,,,,,,,,,,,,,,,,,,
134.9491841,-13.11604836,W925,,,,,,,,,,,,,,,,,,,
133.9415898,-13.11577052,W926,,,,,,,,,,,,,,,,,,,
134.7366121,-13.11532575,W927,,,,,,,,,,,,,,,,,,,
135.0749044,-13.11499285,W928,,,,,,,,,,,,,,,,,,,
135.1460913,-13.11497388,W929,,,,,,,,,,,,,,,,,,,
133.9339444,-13.11484816,W930,,,,,,,,,,,,,,,,,,,
134.9420748,-13.11446852,W931,,,,,,,,,,,,,,,,,,,
134.9478609,-13.11442902,W932,,,,,,,,,,,,,,,,,,,
135.0766523,-13.1143434,W933,,,,,,,,,,,,,,,,,,,
134.6220434,-13.11209764,W934,,,,,,,,,,,,,,,,,,,
134.9449382,-13.11192103,W935,,,,,,,,,,,,,,,,,,,
135.0687875,-13.11186059,W936,,,,,,,,,,,,,,,,,,,
135.0768681,-13.1117254,W937,,,,,,,,,,,,,,,,,,,
134.7347552,-13.11161191,W938,,,,,,,,,,,,,,,,,,,
133.9378765,-13.11144205,W939,,,,,,,,,,,,,,,,,,,
135.067799,-13.11021102,W940,,,,,,,,,,,,,,,,,,,
134.9964628,-13.10962402,W941,,,,,,,,,,,,,,,,,,,
134.9472685,-13.10949203,W942,,,,,,,,,,,,,,,,,,,
135.0658632,-13.10924003,W943,,,,,,,,,,,,,,,,,,,
134.5541752,-13.10899793,W944,,,,,,,,,,,,,,,,,,,
133.9368249,-13.10830517,W945,,,,,,,,,,,,,,,,,,,
134.7359009,-13.10742396,W946,,,,,,,,,,,,,,,,,,,
135.0594485,-13.10687338,W947,,,,,,,,,,,,,,,,,,,
135.0611109,-13.10686054,W948,,,,,,,,,,,,,,,,,,,
135.0622277,-13.10656529,W949,,,,,,,,,,,,,,,,,,,
135.0735949,-13.10553364,W950,,,,,,,,,,,,,,,,,,,
135.1044152,-13.10537705,W951,,,,,,,,,,,,,,,,,,,
135.0575229,-13.10488363,W952,,,,,,,,,,,,,,,,,,,
134.939535,-13.10482301,W953,,,,,,,,,,,,,,,,,,,
135.0612714,-13.10409415,W954,,,,,,,,,,,,,,,,,,,
133.9912362,-13.10295947,W955,,,,,,,,,,,,,,,,,,,
134.9477132,-13.10257329,W956,,,,,,,,,,,,,,,,,,,
134.9503214,-13.10229648,W957,,,,,,,,,,,,,,,,,,,
135.0535337,-13.10221165,W958,,,,,,,,,,,,,,,,,,,
134.9545455,-13.10171229,W959,,,,,,,,,,,,,,,,,,,
134.8042342,-13.10162324,W960,,,,,,,,,,,,,,,,,,,
133.9855469,-13.10157665,W961,,,,,,,,,,,,,,,,,,,
135.0776593,-13.10105455,W962,,,,,,,,,,,,,,,,,,,
134.9614659,-13.10099329,W963,,,,,,,,,,,,,,,,,,,
133.9474872,-13.10062748,W964,,,,,,,,,,,,,,,,,,,
134.9518268,-13.09984738,W965,,,,,,,,,,,,,,,,,,,
134.6230568,-13.09901261,W966,,,,,,,,,,,,,,,,,,,
134.5936863,-13.09857113,W967,,,,,,,,,,,,,,,,,,,
134.0077872,-13.0981572,W968,,,,,,,,,,,,,,,,,,,
134.5669441,-13.0981074,W969,,,,,,,,,,,,,,,,,,,
134.5743475,-13.09716856,W970,,,,,,,,,,,,,,,,,,,
133.9973806,-13.09671254,W971,,,,,,,,,,,,,,,,,,,
134.3812979,-13.09656304,W972,,,,,,,,,,,,,,,,,,,
133.970758,-13.09642907,W973,,,,,,,,,,,,,,,,,,,
134.8569643,-13.09570358,W974,,,,,,,,,,,,,,,,,,,
134.7408791,-13.09561079,W975,,,,,,,,,,,,,,,,,,,
133.9600913,-13.09511429,W976,,,,,,,,,,,,,,,,,,,
135.0263989,-13.09395052,W977,,,,,,,,,,,,,,,,,,,
134.079975,-13.09394975,W978,,,,,,,,,,,,,,,,,,,
134.8491525,-13.09230716,W979,,,,,,,,,,,,,,,,,,,
134.5776736,-13.092072,W980,,,,,,,,,,,,,,,,,,,
134.621809,-13.08867659,W981,,,,,,,,,,,,,,,,,,,
134.9793177,-13.08805542,W982,,,,,,,,,,,,,,,,,,,
135.0041579,-13.08651253,W983,,,,,,,,,,,,,,,,,,,
134.9689601,-13.08604925,W984,,,,,,,,,,,,,,,,,,,
134.8154731,-13.08549005,W985,,,,,,,,,,,,,,,,,,,
135.049378,-13.08462957,W986,,,,,,,,,,,,,,,,,,,
135.0622512,-13.08457649,W987,,,,,,,,,,,,,,,,,,,
134.9511207,-13.08455731,W988,,,,,,,,,,,,,,,,,,,
134.5320463,-13.08444349,W989,,,,,,,,,,,,,,,,,,,
134.8554166,-13.08408436,W990,,,,,,,,,,,,,,,,,,,
134.9698688,-13.08387351,W991,,,,,,,,,,,,,,,,,,,
134.3993748,-13.08381414,W992,,,,,,,,,,,,,,,,,,,
134.9588061,-13.08354967,W993,,,,,,,,,,,,,,,,,,,
134.9539702,-13.08347185,W994,,,,,,,,,,,,,,,,,,,
134.1968977,-13.08281082,W995,,,,,,,,,,,,,,,,,,,
135.001725,-13.0825789,W996,,,,,,,,,,,,,,,,,,,
134.9588297,-13.08248324,W997,,,,,,,,,,,,,,,,,,,
134.5396077,-13.08145202,W998,,,,,,,,,,,,,,,,,,,
134.6082723,-13.08135641,W999,,,,,,,,,,,,,,,,,,,
134.5835707,-13.08114935,W1000,,,,,,,,,,,,,,,,,,,
133.9396056,-13.08077506,W1001,,,,,,,,,,,,,,,,,,,
134.840702,-13.08051426,W1002,,,,,,,,,,,,,,,,,,,
134.6168634,-13.08009925,W1003,,,,,,,,,,,,,,,,,,,
135.0484755,-13.07979879,W1004,,,,,,,,,,,,,,,,,,,
134.0659829,-13.07963718,W1005,,,,,,,,,,,,,,,,,,,
134.6524605,-13.07889827,W1006,,,,,,,,,,,,,,,,,,,
134.6542024,-13.07825134,W1007,,,,,,,,,,,,,,,,,,,
134.098446,-13.07729253,W1008,,,,,,,,,,,,,,,,,,,
134.5737724,-13.07583243,W1009,,,,,,,,,,,,,,,,,,,
134.9549394,-13.07578565,W1010,,,,,,,,,,,,,,,,,,,
134.869504,-13.07491789,W1011,,,,,,,,,,,,,,,,,,,
134.9092271,-13.07463604,W1012,,,,,,,,,,,,,,,,,,,
134.5531292,-13.07318958,W1013,,,,,,,,,,,,,,,,,,,
134.436853,-13.07297956,W1014,,,,,,,,,,,,,,,,,,,
134.9596388,-13.072806,W1015,,,,,,,,,,,,,,,,,,,
134.8971964,-13.07274689,W1016,,,,,,,,,,,,,,,,,,,
133.9803487,-13.07264378,W1017,,,,,,,,,,,,,,,,,,,
134.6496166,-13.07251084,W1018,,,,,,,,,,,,,,,,,,,
134.9715774,-13.07200609,W1019,,,,,,,,,,,,,,,,,,,
134.869504,-13.07192673,W1020,,,,,,,,,,,,,,,,,,,
134.5865912,-13.07110738,W1021,,,,,,,,,,,,,,,,,,,
134.8847975,-13.0703829,W1022,,,,,,,,,,,,,,,,,,,
134.5251849,-13.06906435,W1023,,,,,,,,,,,,,,,,,,,
134.9636783,-13.06838652,W1024,,,,,,,,,,,,,,,,,,,
134.9594988,-13.06794657,W1025,,,,,,,,,,,,,,,,,,,
134.6024414,-13.06752097,W1026,,,,,,,,,,,,,,,,,,,
134.5669441,-13.06675017,W1027,,,,,,,,,,,,,,,,,,,
134.5914507,-13.06657292,W1028,,,,,,,,,,,,,,,,,,,
134.9685578,-13.06560684,W1029,,,,,,,,,,,,,,,,,,,
134.9732092,-13.06553325,W1030,,,,,,,,,,,,,,,,,,,
134.5558842,-13.06442151,W1031,,,,,,,,,,,,,,,,,,,
134.8702277,-13.0642076,W1032,,,,,,,,,,,,,,,,,,,
134.6015054,-13.06392318,W1033,,,,,,,,,,,,,,,,,,,
134.9057814,-13.06342791,W1034,,,,,,,,,,,,,,,,,,,
134.9615818,-13.06261905,W1035,,,,,,,,,,,,,,,,,,,
134.5741999,-13.06240972,W1036,,,,,,,,,,,,,,,,,,,
134.8820476,-13.0606375,W1037,,,,,,,,,,,,,,,,,,,
134.5913359,-13.06034998,W1038,,,,,,,,,,,,,,,,,,,
135.026875,-13.06008244,W1039,,,,,,,,,,,,,,,,,,,
134.5974325,-13.06005427,W1040,,,,,,,,,,,,,,,,,,,
134.579384,-13.06000417,W1041,,,,,,,,,,,,,,,,,,,
134.5855681,-13.05998034,W1042,,,,,,,,,,,,,,,,,,,
134.2614537,-13.05910943,W1043,,,,,,,,,,,,,,,,,,,
134.6040604,-13.05840318,W1044,,,,,,,,,,,,,,,,,,,
134.5591534,-13.05821847,W1045,,,,,,,,,,,,,,,,,,,
134.2684989,-13.05813414,W1046,,,,,,,,,,,,,,,,,,,
134.768288,-13.05774964,W1047,,,,,,,,,,,,,,,,,,,
134.1340283,-13.05744578,W1048,,,,,,,,,,,,,,,,,,,
134.8585042,-13.0566332,W1049,,,,,,,,,,,,,,,,,,,
134.5827639,-13.05651504,W1050,,,,,,,,,,,,,,,,,,,
134.8853765,-13.0553306,W1051,,,,,,,,,,,,,,,,,,,
135.0229019,-13.05505221,W1052,,,,,,,,,,,,,,,,,,,
134.9783132,-13.05400214,W1053,,,,,,,,,,,,,,,,,,,
134.966527,-13.05380794,W1054,,,,,,,,,,,,,,,,,,,
134.9719052,-13.05273229,W1055,,,,,,,,,,,,,,,,,,,
134.6262819,-13.05252749,W1056,,,,,,,,,,,,,,,,,,,
134.228894,-13.05236995,W1057,,,,,,,,,,,,,,,,,,,
134.9653513,-13.05205689,W1058,,,,,,,,,,,,,,,,,,,
134.8721575,-13.05122981,W1059,,,,,,,,,,,,,,,,,,,
133.961762,-13.05077908,W1060,,,,,,,,,,,,,,,,,,,
134.6710667,-13.05066154,W1061,,,,,,,,,,,,,,,,,,,
134.8786222,-13.05031316,W1063,,,,,,,,,,,,,,,,,,,
134.8634734,-13.05031316,W1062,,,,,,,,,,,,,,,,,,,
134.926973,-13.04961902,W1064,,,,,,,,,,,,,,,,,,,
134.8856659,-13.04949301,W1065,,,,,,,,,,,,,,,,,,,
134.7109934,-13.04916077,W1066,,,,,,,,,,,,,,,,,,,
133.9975738,-13.04863329,W1067,,,,,,,,,,,,,,,,,,,
134.9107122,-13.04816284,W1068,,,,,,,,,,,,,,,,,,,
133.9828777,-13.04636969,W1069,,,,,,,,,,,,,,,,,,,
134.978803,-13.04633202,W1070,,,,,,,,,,,,,,,,,,,
134.98257,-13.04534397,W1071,,,,,,,,,,,,,,,,,,,
134.9755517,-13.04462023,W1072,,,,,,,,,,,,,,,,,,,
133.9942218,-13.0445282,W1073,,,,,,,,,,,,,,,,,,,
134.9121858,-13.04257082,W1074,,29 Jun 2023 at 1:30:15â¯PM,"Alex Ernst
Nyah settler
Michael lindsay",,Other values,No known usage,2 (ok),Light animal tracks from feral animals around the base,,,,1-May,,,Class 1,,"media_AMhTy6w8sx_NOwwQpjBRD.jpg, media_AMhTy6w8sx_HlWBs4ZUAX.jpg, media_AMhTy6w8sx_yokzQr6QLq.jpg",,
134.7080781,-13.04256295,W1075,,,,,,,,,,,,,,,,,,,
134.866947,-13.04225632,W1076,,,,,,,,,,,,,,,,,,,
134.3984717,-13.04179251,W1077,,,,,,,,,,,,,,,,,,,
134.6366496,-13.04040674,W1078,,,,,,,,,,,,,,,,,,,
134.9213769,-13.0403239,W1079,,,,,,,,,,,,,,,,,,,
134.904788,-13.03799212,W1080,,,,,,,,,,,,,,,,,,,
134.6561236,-13.03632268,W1081,,,,,,,,,,,,,,,,,,,
134.9947388,-13.03622406,W1082,,,,,,,,,,,,,,,,,,,
134.7083338,-13.03611857,W1083,,,,,,,,,,,,,,,Class 3,,,,
134.8724952,-13.03550208,W1084,,,,,,,,,,,,,,,,,,,
134.6482694,-13.03497449,W1085,,,,,,,,,,,,,,,,,,,
134.1535016,-13.03230543,W1086,,,,,,,,,,,,,,,,,,,
134.9734016,-13.03222061,W1087,,,,,,,,,,,,,,,,,,,
134.9481933,-13.03162423,W1088,,,,,,,,,,,,,,,,,,,
135.0089518,-13.03143777,W1089,,,,,,,,,,,,,,,,,,,
134.8842863,-13.03091194,W1090,,,,,,,,,,,,,,,,,,,
134.617827,-13.02845245,W1091,,,,,,,,,,,,,,,,,,,
134.1835566,-13.02803364,W1092,,,,,,,,,,,,,,,,,,,
134.793019,-13.02777524,W1093,,,,,,,,,,,,,,,,,,,
134.5632378,-13.02425468,W1094,,,,,,,,,,,,,,,,,,,
134.6237399,-13.02417084,W1095,,,,,,,,,,,,,,,,,,,
134.2775043,-13.02142108,W1096,,,,,,,,,,,,,,,,,,,
134.938184,-13.01985289,W1097,,,,,,,,,,,,,,,,,,,
134.7788777,-13.0196957,W1098,,,,,,,,,,,,,,,,,,,
134.9680827,-13.0174086,W1099,,,,,,,,,,,,,,,,,,,
135.0056851,-13.01511581,W1100,,,,,,,,,,,,,,,,,,,
134.9984405,-13.01255311,W1101,,,,,,,,,,,,,,,,,,,
134.6881753,-13.011621,W1102,,,,,,,,,,,,,,,,,,,
135.0179885,-13.01132199,W1103,,,,,,,,,,,,,,,,,,,
134.7967697,-13.01127015,W1104,,,,,,,,,,,,,,,,,,,
134.5820771,-13.01103454,W1105,,,,,,,,,,,,,,,,,,,
134.9855653,-13.00983202,W1106,,,,,,,,,,,,,,,,,,,
134.581819,-13.00746142,W1107,,,,,,,,,,,,,,,,,,,
134.9793429,-13.00719328,W1108,,,,,,,,,,,,,,,,,,,
134.8088191,-13.00690394,W1109,,,,,,,,,,,,,,,,,,,
134.9863319,-13.00633748,W1110,,,,,,,,,,,,,,,,,,,
135.0120409,-13.00453035,W1111,,,,,,,,,,,,,,,,,,,
135.0279811,-13.00449691,W1112,,,,,,,,,,,,,,,,,,,
134.988525,-13.00337781,W1113,,,,,,,,,,,,,,,,,,,
134.9897907,-13.00299703,W1114,,,,,,,,,,,,,,,,,,,
134.9879009,-13.00177317,W1115,,,,,,,,,,,,,,,,,,,
134.9959676,-12.9980233,W1116,,,,,,,,,,,,,,,,,,,
134.5908222,-12.99653699,W1117,,,,,,,,,,,,,,,,,,,
134.8060237,-12.9961116,W1118,,,,,,,,,,,,,,,,,,,
134.8119348,-12.99458358,W1119,,,,,,,,,,,,,,,,,,,
134.993355,-12.99065584,W1120,,,,,,,,,,,,,,,,,,,
135.0064702,-12.9874685,W1121,,,,,,,,,,,,,,,,,,,
134.981254,-12.98688898,W1122,,,,,,,,,,,,,,,,,,,
134.8146905,-12.98464885,W1123,,,,,,,,,,,,,,,,,,,
134.3311867,-12.98336995,W1124,,,,,,,,,,,,,,,,,,,
134.4332782,-12.98224922,W1125,,,,,,,,,,,,,,,,,,,
134.7180219,-12.9809708,W1126,,,,,,,,,,,,,,,Class 2,,,,
135.0088454,-12.98085917,W1127,,,,,,,,,,,,,,,,,,,
134.8151737,-12.97611144,W1128,,,,,,,,,,,,,,,,,,,
134.861523,-12.97506414,W1129,,,,,,,,,,,,,,,,,,,
134.9386385,-12.9727359,W1130,,,,,,,,,,,,,,,,,,,
134.3396518,-12.96977373,W1131,,,,,,,,,,,,,,,,,,,
134.6019048,-12.96886793,W1132,,,,,,,,,,,,,,,,,,,
134.6477982,-12.96789711,W1133,,,,,,,,,,,,,,,,,,,
134.8929237,-12.96679579,W1134,,,,,,,,,,,,,,,,,,,
134.8459607,-12.96477555,W1135,,,,,,,,,,,,,,,,,,,
134.8988567,-12.96192128,W1136,,,,,,,,,,,,,,,,,,,
134.4329568,-12.96137833,W1137,,,,,,,,,,,,,,,,,,,
134.4193511,-12.9607702,W1138,,,,,,,,,,,,,,,,,,,
135.0149966,-12.95689675,W1139,,,,,,,,,,,,,,,,,,,
134.8743621,-12.95572635,W1140,,,,,,,,,,,,,,,,,,,
134.8745843,-12.95563837,W1141,,,,,,,,,,,,,,,,,,,
134.656791,-12.94998835,W1142,,,,,,,,,,,,,,,,,,,
134.4505865,-12.94846645,W1143,,,,,,,,,,,,,,,,,,,
134.814367,-12.94381948,W1144,,,,,,,,,,,,,,,,,,,
134.4498389,-12.94305722,W1145,,,,,,,,,,,,,,,,,,,
134.7054967,-12.94177375,W1146,,,,,,,,,,,,,,,,,,,
134.6424804,-12.94145309,W1147,,,,,,,,,,,,,,,,,,,
134.8978782,-12.94076129,W1148,,,,,,,,,,,,,,,,,,,
135.0253917,-12.93995775,W1149,,,,,,,,,,,,,,,,,,,
134.519508,-12.93838227,W1150,,,,,,,,,,,,,,,,,,,
134.7067809,-12.93810014,W1151,,,,,,,,,,,,,,,,,,,
134.8345334,-12.93608198,W1152,,,,,,,,,,,,,,,,,,,
134.4698624,-12.93276497,W1153,,,,,,,,,,,,,,,,,,,
134.9858263,-12.93260892,W1154,,,,,,,,,,,,,,,,,,,
134.9926544,-12.93212131,W1155,,,,,,,,,,,,,,,,,,,
134.8200551,-12.93092259,W1156,,,,,,,,,,,,,,,,,,,
135.029895,-12.92912955,W1157,,,,,,,,,,,,,,,,,,,
134.4521227,-12.92745734,W1158,,,,,,,,,,,,,,,,,,,
134.8525351,-12.92560384,W1159,,,,,,,,,,,,,,,,,,,
134.9625179,-12.92494722,W1160,,,,,,,,,,,,,,,,,,,
134.6896152,-12.92402772,W1161,,,,,,,,,,,,,,,,,,,
134.6874201,-12.92227349,W1162,,,,,,,,,,,,,,,,,,,
134.7337259,-12.91819683,W1163,Bambidu,15 Nov 2023 at 3:37:27â¯PM,Lydia,Apr-23,Domestic or everday use,"Swimming, fishing, bushtucker, knowledge sharing, bushtucker, very proud of this place.",1 (healthy),"Waterlillies, clear water. Beautiful.",,,,,,,,Very beautiful river. Crystal clear water. Waterlillies. Healthy vegetation.,"media_AMhTy6w8sx_uposMCSfao.jpg, media_AMhTy6w8sx_dYBteMCbCV.jpg",Permanent,
134.7585878,-12.91668162,W1164,,,,,,,,,,,,,,,,,,,
134.2647867,-12.91582315,W1165,,,,,,,,,,,,,,,,,,,
134.5002118,-12.91442137,W1166,,,,,,,,,,,,,,,,,,,
134.9225527,-12.91050497,W1167,,,,,,,,,,,,,,,,,,,
134.5820327,-12.9093179,W1168,,,,,,,,,,,,,,,,,,,
135.0007974,-12.90017216,W1169,,,,,,,,,,,,,,,,,,,
134.6245404,-12.8987256,W1170,,,,,,,,,,,,,,,,,,,
134.6715746,-12.8934608,W1171,,,,,,,,,,,,,,,,,,,
134.6052347,-12.89037831,W1172,,,,,,,,,,,,,,,,,,,
134.9274984,-12.88026982,W1173,,,,,,,,,,,,,,,,,,,
134.723246,-12.87994954,W1174,,,,,,,,,,,,,,,,,,,
134.8716124,-12.87708646,W1175,,,,,,,,,,,,,,,,,,,
134.9206304,-12.8735533,W1176,,,,,,,,,,,,,,,,,,,
134.8791788,-12.8720382,W1177,,,,,,,,,,,,,,,,,,,
134.8924107,-12.86952701,W1178,,,,,,,,,,,,,,,,,,,
134.9816167,-12.85858592,W1179,,,,,,,,,,,,,,,,,,,
134.895556,-12.85833724,W1180,,,,,,,,,,,,,,,,,,,
134.9584717,-12.8579251,W1181,,,,,,,,,,,,,,,,,,,
134.9605637,-12.85749122,W1182,,,,,,,,,,,,,,,,,,,
134.9327927,-12.8572682,W1183,,,,,,,,,,,,,,,,,,,
134.8868015,-12.84885413,W1184,,,,,,,,,,,,,,,,,,,
134.8839989,-12.84661667,W1185,,,,,,,,,,,,,,,,,,,
134.8770212,-12.84083849,W1186,,,,,,,,,,,,,,,,,,,
134.9109278,-12.8395153,W1187,,,,,,,,,,,,,,,,,,,
134.5977761,-12.83820706,W1188,,,,,,,,,,,,,,,,,,,
134.8892393,-12.83595932,W1189,,,,,,,,,,,,,,,,,,,
134.8563821,-12.82937568,W1190,,,,,,,,,,,,,,,,,,,
134.870388,-12.82633782,W1191,,,,,,,,,,,,,,,,,,,
134.8886206,-12.82383098,W1192,,,,,,,,,,,,,,,,,,,
134.8280235,-12.79365349,W1193,,,,,,,,,,,,,,,,,,,
134.5224856,-12.78531372,W1194,,,,,,,,,,,,,,,,,,,
134.5016935,-12.76932287,W1195,,,,,,,,,,,,,,,,,,,
134.4955395,-12.75298956,W1196,,,,,,,,,,,,,,,,,,,
134.5807003,-12.74992659,W1197,,,,,,,,,,,,,,,,,,,
134.5645357,-12.74786085,W1198,,,,,,,,,,,,,,,,,,,
134.5223789,-12.74710933,W1199,,,,,,,,,,,,,,,,,,,
134.5334407,-12.74332503,W1200,,,,,,,,,,,,,,,,,,,
134.0594333,-13.3851592,WR545,Bonanza creek,28 Jun 2023 at 12:30:12â¯PM,"Alex Batman
Mimal Michael lindsay",2023,Domestic or everday use,Fishing and swimming,2 (ok),"Buffalo tricks
Piss in the water
Algae",1-May,,,,,Equipment: acoustic SMA11319. White throated grass wrens October 2022. Creek. Flows year round,Class 2,"Moderate damage, some algae. Buffalo tracks. Water murky. Erosion. Changed flow. Riparian veg sparse and degraded.",,,
134.4625563,-13.75525165,W213N,,27 Jun 2023 at 2:20:02â¯PM,,,,,,,,,,,,,,,,,
134.4578329,-13.41539013,W512S,,30 Jun 2023 at 12:18:58â¯PM,,,,,,,,,,,,,Class 2,"Lots of feral damage, mainly Buffalo. Aquatic growth ( fringe lilies, nardoo, waterlilly and rush disturbed but present).","media_AMhTy6w8sx_kNqPzpyMmu.jpg, media_AMhTy6w8sx_QWExJuICzr.jpg",,
134.4538144,-13.40939073,W512E,,30 Jun 2023 at 12:57:58â¯PM,,,,,,,,,,,,,Class 2,"Water is a little murky, sparse riparian veg .Appears to be sinkhole. Lots of Birdlife inc; black-fronted dotterals, bee eaters, Australasian grebes, red backed kingfisher. Some Buffalo wallowing damage. Small marsupial scats.",media_AMhTy6w8sx_dsYH0bitvf.jpg,,
134.4635667,-13.75963959,W213S,,7 Nov 2023 at 3:24:17â¯PM,Raymond and paddy jnr,Live here,Domestic or everday use,People live here Omni this side,2 (ok),Not much flow green water,,,,,,,Class 2,"Melaleauca, casaurina. Whistling kites.        Nankeen night heron.","media_AMhTy6w8sx_8VGTjfMH23.jpg, media_AMhTy6w8sx_fDsD5WEvqk.jpg, media_AMhTy6w8sx_8bnXsFzMz0.jpg, media_AMhTy6w8sx_GrrhHmo6VV.jpg",,
134.4342551,-13.91164357,RA66,Fish hole,9 Nov 2023 at 12:10:01â¯PM,Danisha and Anthea,First time,Bushtucker,Fish and turtle,2 (ok),Water is a bit brown. And Buffalo were here.,1-May,,,5-Oct,,,,EDNA,media_AMhTy6w8sx_1A4GYy975A.jpg,"water level pretty low, moderate turbity, sheâoak. Mermaid dreaming, baby dreaming. Donât touch white trees (get pregnant). Crocodile.",
134.4464017,-13.99945831,W01S,,9 Nov 2023 at 9:12:26â¯AM,,,,,,,5-Oct,1-May,5-Oct,1-May,,,Class 2,"Large, permanent waterhole.   Moderate turbidity. Buffalo (5), cattle (6) and one large boar. Finches (unseen). Black-necked stork.

07/07/24 visit: freshwater crocodile, barred Grunter, archer fish,","media_AMhTy6w8sx_orzL7wnjsu.jpg, media_AMhTy6w8sx_GREb4cd4np.jpg, media_AMhTy6w8sx_tzib4n19X7.jpg",Water 9/11/23 permanent,
134.8753226,-13.65813677,RA261,,10 Nov 2023 at 12:57:14â¯PM,Lydia & Kahlia,,,,,,,1-May,,,,,Class 2,"Large billabong, pig, crocodile, pretty, healthy (minor pig damage). Waterlillies. Freshwater Crocodile, Nankeen Night Heron (juvenile).FN lizard.","media_AMhTy6w8sx_7HwmtfcOZ9.jpg, media_AMhTy6w8sx_3IOghvNXX6.jpg, media_AMhTy6w8sx_hoI9Tphuyp.jpg",Permanent. Water 10/11/23,
135.158377,-13.61851843,RA294,,10 Nov 2023 at 2:39:34â¯PM,,,,,,,,,,,,,Class 2,"Spring in parsons range. Minor pig damage, otherwise healthy. Water clear. eDNA and acoustic.","media_AMhTy6w8sx_qTAca4aAq5.jpg, media_AMhTy6w8sx_97M3ejnMmn.jpg, media_AMhTy6w8sx_tkvwPC3RYF.jpg",Permanent spring,
133.7040396,-13.49178477,RA442,,12 Nov 2023 at 2:08:25â¯PM,,,,,,,,,,,,,Class 1,"Running stream in rocky gully. Clear water, fringe lillies, great aquatic growth . Very healthy. Panda as and paperbarks. Rock overhangs. Rock wallabies.","media_AMhTy6w8sx_anp8cHYzwl.jpg, media_AMhTy6w8sx_yjaIMmHMrl.jpg, media_AMhTy6w8sx_T3QxvbXUBd.jpg",Stream running 12/11/2023,
133.9288058,-13.07537502,RA1001,,13 Dec 2023 at 8:17:18â¯PM,,,,,,,,,,,,,Class 2,Mann river. Buffalo seen,,,
134.0329359,-13.25405381,RA685,,13 Nov 2023 at 2:06:31â¯PM,,,,,,,,,,,,,Class 3,"Permanent (water 13/11/23) billabong. Water extremely turbid. Freshwater crocodiles. eDNA, acoustic and water testing. Buffalo damage. Dollar birds, bar- shouldered doves.","media_AMhTy6w8sx_qTXxsnxlY6.jpg, media_AMhTy6w8sx_DhLKAnkEqz.jpg, media_AMhTy6w8sx_NafbBeEsd4.jpg",Water 13/11/23,
134.6706623,-12.95937047,W1142S,Bambidu lower,16 Nov 2023 at 5:01:46â¯PM,,,,,,,,,,,,,Class 1,"Beautiful clear flowing spring. Lower Bambidu. Tall pandanas, taro, eucalyptus.","media_AMhTy6w8sx_8Ua9pUKhsY.jpg, media_AMhTy6w8sx_FdRh3DinyC.jpg",Permanent. Flowing 16/11/23,
134.3679752,-12.89424681,RA1165,,14 Nov 2023 at 2:36:33â¯PM,,,,,,,,,,,,,Class 1,Rocky bottom stream flowing into waterfall,"media_AMhTy6w8sx_8p8Kqqlya3.jpg, media_AMhTy6w8sx_fNKloGf5Y7.jpg",,
134.157471,-13.24036511,RA696,,13 Dec 2023 at 8:41:18â¯PM,,,,,,,,,,,,,Class 2,,,,
134.1455808,-13.34526945,RA557,Korbbolyu,16 Dec 2023 at 4:05:49â¯PM,,,,,,,,,,,,,Class 2,,,,
134.1202738,-13.38403485,RA545,,1 Apr 2024 at 10:56:49â¯AM,,,,,,,,,,,,,Class 2,,,,
134.4484962,-13.04700196,,,6 May 2024 at 3:33:08â¯PM,Holly,,,,,,,,,,,,Class 2,"River 1-2 health. Tall open eucalyptus woodland. Saratoga, rifle fish. Bar shouldered doves, northern fantail, sulfur crested cockatoos, toresian crows, peaceful doves, brown honey eaters, striated pardalote",media_AMhTy6w8sx_IpUFle6pNS.jpg,,
134.8518104,-13.15981721,,,12 May 2024 at 7:30:19â¯PM,,,,,,,,,,,,,Class 2,,,,
134.5928078,-13.39612601,,,27 Jun 2024 at 11:55:43â¯AM,,,,,,,,,,,,,Class 2,Melaleuca Swamp,,,
134.6055915,-13.29967377,RA623,,27 Jun 2024 at 12:17:23â¯PM,,,,,,,,,,,,,Class 2,,,,Class 2
133.8605866,-13.39669111,,,27 Jun 2024 at 12:21:49â¯PM,,,,,,,,,,,,,Class 2,,,,Class 3
133.7967688,-13.62276055,,,27 Jun 2024 at 12:25:22â¯PM,,,,,,,,,,,,,Class 3,,,,Class 3
133.9869485,-13.77858542,,,27 Jun 2024 at 12:33:25â¯PM,,,,,,,,,,,,,Class 2,Spring,,,Class 2
135.1380333,-13.556858,,,27 Jun 2024 at 12:37:59â¯PM,,,,,,,,,,,,,Class 2,,,,Class 2
